-- phpMyAdmin SQL Dump
-- version 4.8.1
-- https://www.phpmyadmin.net/
--
-- Host: localhost
-- Generation Time: Mar 15, 2019 at 09:22 AM
-- Server version: 10.1.38-MariaDB-0ubuntu0.18.04.1
-- PHP Version: 7.2.15-0ubuntu0.18.04.1

SET SQL_MODE = "NO_AUTO_VALUE_ON_ZERO";
SET AUTOCOMMIT = 0;
START TRANSACTION;
SET time_zone = "+00:00";


/*!40101 SET @OLD_CHARACTER_SET_CLIENT=@@CHARACTER_SET_CLIENT */;
/*!40101 SET @OLD_CHARACTER_SET_RESULTS=@@CHARACTER_SET_RESULTS */;
/*!40101 SET @OLD_COLLATION_CONNECTION=@@COLLATION_CONNECTION */;
/*!40101 SET NAMES utf8mb4 */;

--
-- Database: `sanofi_vf`
--

-- --------------------------------------------------------

--
-- Table structure for table `absence`
--

CREATE TABLE `absence` (
  `id` int(11) UNSIGNED NOT NULL,
  `start_date` datetime DEFAULT NULL,
  `end_date` datetime DEFAULT NULL,
  `absence_pattern` varchar(191) COLLATE utf8mb4_unicode_ci DEFAULT NULL,
  `type` varchar(191) COLLATE utf8mb4_unicode_ci DEFAULT NULL,
  `employee_id` int(11) UNSIGNED DEFAULT NULL
) ENGINE=InnoDB DEFAULT CHARSET=utf8mb4 COLLATE=utf8mb4_unicode_ci;

--
-- Dumping data for table `absence`
--

INSERT INTO `absence` (`id`, `start_date`, `end_date`, `absence_pattern`, `type`, `employee_id`) VALUES
(1, '1978-03-23 17:46:30', '1998-02-18 19:33:16', 'Raisons de santé', 'RTT', 2),
(2, '1975-04-14 08:29:28', '2005-02-26 05:15:52', 'Ma voiture ne démarre pas', 'RTT', 7),
(3, '1979-04-28 02:01:46', '1987-11-21 12:41:47', 'Mon réveil n’a pas sonné', 'RTT', 11),
(4, '1983-12-16 21:36:03', '1984-01-15 15:51:49', 'Raisons de santé', 'RTT', 27),
(5, '2004-03-09 03:05:44', '2013-11-04 05:43:19', 'Raisons personnelles', 'Congé', 31),
(6, '1988-03-17 13:17:15', '1991-07-21 16:50:47', 'Rendez-vous extérieur', 'Congé', 35),
(7, '2013-11-06 00:46:12', '2017-10-31 04:44:17', 'Action commerciale', 'Congé', 40),
(8, '1983-04-27 01:32:21', '1994-08-19 04:44:26', 'Raisons personnelles', 'Maladie', 44),
(9, '1978-09-22 07:11:27', '1980-06-09 11:24:22', 'Rendez-vous extérieur', 'Congé', 48),
(10, '1995-12-19 21:42:12', '2009-06-12 20:05:59', 'Raisons de santé', 'RTT', 51),
(11, '1985-10-16 02:33:17', '2005-07-20 23:03:37', 'Mon enfant est malade', 'Maladie', 54),
(12, '2005-03-16 06:45:16', '2014-10-22 13:58:01', 'Problèmes liés à une grève', 'Maladie', 56),
(13, '1979-05-30 10:12:32', '2009-12-13 05:38:47', 'Raisons personnelles', 'Maladie', 63),
(14, '1980-11-05 04:35:13', '2004-11-01 16:17:40', 'Action commerciale', 'RTT', 73),
(15, '1974-09-02 17:08:12', '1982-01-31 12:30:29', 'Mon enfant est malade', 'Congé', 74),
(16, '2016-10-18 19:04:19', '2017-08-11 14:57:16', 'Action commerciale', 'Congé', 78),
(17, '1974-05-21 03:11:33', '2005-10-08 21:15:34', 'Ma voiture ne démarre pas', 'Maladie', 84),
(18, '1991-09-07 19:17:23', '1993-12-24 18:59:01', 'Action commerciale', 'RTT', 92),
(19, '1990-04-02 22:09:52', '2004-12-10 11:34:58', 'Problèmes liés à une grève', 'Congé', 98),
(20, '1984-08-01 06:18:54', '2013-06-02 04:58:27', 'Action commerciale', 'Congé', 99),
(21, '1979-08-11 13:57:38', '2002-01-18 02:23:04', 'Décès', 'RTT', 100),
(22, '2004-05-12 19:16:03', '2015-05-15 19:13:51', 'Problèmes liés à une grève', 'Maladie', 103),
(23, '1976-04-05 14:34:45', '1982-05-18 07:31:01', 'Ma voiture ne démarre pas', 'RTT', 107),
(24, '2011-12-11 04:03:01', '2019-01-09 19:17:19', 'Raisons personnelles', 'Maladie', 113),
(25, '1986-06-16 02:41:44', '1999-09-21 20:49:58', 'Rendez-vous extérieur', 'RTT', 116),
(26, '2006-04-19 19:25:51', '2016-09-08 07:09:00', 'Décès', 'RTT', 125),
(27, '2008-06-16 04:05:20', '2014-12-31 22:18:47', 'Raisons personnelles', 'Congé', 132),
(28, '2013-12-25 00:04:10', '2019-02-05 03:00:11', 'Décès', 'RTT', 133),
(29, '2007-10-12 18:30:22', '2016-06-09 03:29:37', 'Action commerciale', 'Congé', 141),
(30, '1976-06-07 08:28:19', '1977-02-07 23:38:59', 'Raisons personnelles', 'Congé', 145),
(31, '1984-07-12 11:10:24', '1996-06-14 07:48:19', 'Ma voiture ne démarre pas', 'RTT', 158),
(32, '1986-12-11 03:42:27', '2014-09-26 19:38:27', 'Raisons de santé', 'Congé', 159),
(33, '1991-06-05 16:01:44', '1994-05-06 01:50:28', 'Problèmes liés à une grève', 'RTT', 175),
(34, '2006-02-03 08:59:58', '2006-08-24 23:28:36', 'Aucun motif', 'Maladie', 190),
(35, '1996-06-19 14:39:05', '2004-05-30 19:52:40', 'Mon réveil n’a pas sonné', 'Maladie', 195),
(36, '1971-07-10 15:48:42', '2012-04-12 10:39:56', 'Raisons personnelles', 'Maladie', 197);

-- --------------------------------------------------------

--
-- Table structure for table `bounty`
--

CREATE TABLE `bounty` (
  `id` int(11) UNSIGNED NOT NULL,
  `amount` decimal(10,2) DEFAULT NULL,
  `date` datetime DEFAULT NULL,
  `salary_id` int(11) UNSIGNED DEFAULT NULL
) ENGINE=InnoDB DEFAULT CHARSET=utf8mb4 COLLATE=utf8mb4_unicode_ci;

--
-- Dumping data for table `bounty`
--

INSERT INTO `bounty` (`id`, `amount`, `date`, `salary_id`) VALUES
(1, '1942.53', '1987-12-10 02:05:09', 10),
(2, '620.34', '1981-07-26 19:19:31', 10),
(3, '274.62', '1979-05-31 14:56:48', 10),
(4, '671.42', '1994-10-10 22:57:15', 13),
(5, '679.50', '1982-11-25 12:37:31', 13),
(6, '454.93', '1988-07-04 08:50:00', 13),
(7, '1646.35', '2010-07-12 12:38:07', 28),
(8, '733.12', '2007-07-18 14:21:25', 28),
(9, '212.83', '1977-11-01 17:42:24', 28),
(10, '578.45', '2011-03-29 02:19:12', 32),
(11, '302.54', '2013-06-18 15:06:47', 32),
(12, '1360.93', '1997-05-16 14:17:35', 32),
(13, '1775.43', '1976-10-19 20:56:14', 59),
(14, '315.32', '1977-04-09 02:34:10', 59),
(15, '1499.00', '2006-02-12 09:35:55', 59),
(16, '608.49', '1974-12-22 17:14:59', 62),
(17, '1409.39', '1991-06-03 18:16:02', 62),
(18, '1413.10', '2010-07-01 06:35:10', 62),
(19, '704.02', '2018-12-17 17:30:16', 64),
(20, '1716.20', '2016-05-29 00:35:55', 64),
(21, '1464.13', '1978-04-29 17:51:52', 64),
(22, '233.36', '1999-09-09 09:32:45', 66),
(23, '1893.94', '2011-01-20 07:15:33', 66),
(24, '986.98', '2015-08-03 21:42:53', 66),
(25, '1368.30', '2016-02-01 17:59:27', 80),
(26, '1708.79', '2015-07-20 07:01:17', 80),
(27, '1061.85', '2015-11-12 12:14:45', 80),
(28, '1282.44', '2018-02-12 22:56:39', 89),
(29, '368.21', '1990-12-24 18:57:48', 89),
(30, '693.18', '1992-02-03 05:11:31', 89),
(31, '1927.87', '1997-09-13 21:08:32', 94),
(32, '1794.68', '2007-08-28 23:18:09', 94),
(33, '227.48', '1979-02-02 17:05:22', 94),
(34, '1506.18', '1990-08-06 04:03:40', 109),
(35, '1917.64', '1973-04-14 01:04:30', 109),
(36, '1358.68', '2018-01-05 10:25:42', 109),
(37, '282.07', '1990-03-07 03:03:35', 110),
(38, '1908.04', '2011-02-21 11:21:06', 110),
(39, '401.52', '1999-06-13 08:20:57', 110),
(40, '763.87', '1970-01-29 00:47:34', 111),
(41, '1362.88', '1982-06-01 05:18:08', 111),
(42, '718.26', '1990-05-06 17:37:46', 111),
(43, '1041.79', '1970-04-19 12:19:50', 112),
(44, '470.00', '1973-10-02 12:13:56', 112),
(45, '1504.11', '2014-02-10 21:25:07', 112),
(46, '583.70', '1970-05-22 17:34:07', 118),
(47, '1681.96', '1985-11-30 08:30:49', 118),
(48, '1722.91', '2015-04-23 14:30:04', 118),
(49, '1758.61', '1978-02-25 06:17:38', 121),
(50, '205.75', '1978-01-16 04:45:47', 121),
(51, '1014.60', '1996-02-16 17:00:50', 121),
(52, '827.62', '1987-04-27 14:16:13', 128),
(53, '228.64', '2009-02-15 07:32:55', 128),
(54, '537.98', '2004-10-21 00:13:52', 128),
(55, '277.92', '1985-12-03 09:22:26', 130),
(56, '451.65', '1987-03-10 10:21:18', 130),
(57, '185.97', '1970-01-12 10:21:43', 130),
(58, '701.34', '1986-09-12 17:12:52', 140),
(59, '1363.02', '2013-11-03 00:04:33', 140),
(60, '421.09', '1983-08-13 13:51:21', 140),
(61, '1975.44', '1988-06-08 18:27:48', 142),
(62, '451.63', '2016-11-27 16:32:51', 142),
(63, '1636.06', '1984-11-23 23:45:42', 142),
(64, '1330.19', '2010-12-04 07:20:22', 151),
(65, '215.85', '1983-06-10 03:45:19', 151),
(66, '1005.24', '2017-06-16 15:37:43', 151),
(67, '1211.42', '2007-04-05 00:13:58', 153),
(68, '1845.26', '1998-10-07 02:00:35', 153),
(69, '1837.75', '1982-03-27 00:06:21', 153),
(70, '166.36', '2014-05-11 06:01:24', 161),
(71, '1582.21', '1994-10-20 12:29:10', 161),
(72, '1810.65', '2009-10-04 16:59:25', 161),
(73, '1295.59', '2001-09-12 17:31:10', 163),
(74, '977.35', '2010-02-16 15:02:25', 163),
(75, '1161.31', '1987-02-28 13:42:37', 163),
(76, '1401.89', '2007-06-17 13:31:05', 169),
(77, '1256.03', '1998-03-19 07:28:38', 169),
(78, '870.06', '1986-01-03 09:10:34', 169),
(79, '707.94', '2001-12-01 09:24:50', 181),
(80, '1611.75', '1996-03-16 17:16:53', 181),
(81, '866.71', '1972-10-18 02:13:55', 181),
(82, '503.75', '2010-01-20 14:51:25', 182),
(83, '625.42', '1989-05-17 16:51:03', 182),
(84, '702.20', '1979-07-24 09:50:43', 182),
(85, '1713.35', '2006-02-23 23:00:55', 184),
(86, '1089.35', '2017-02-24 10:20:47', 184),
(87, '536.81', '2001-10-22 19:04:30', 184),
(88, '1266.85', '2014-07-16 09:56:26', 191),
(89, '374.86', '1985-07-05 02:25:57', 191),
(90, '1671.89', '1970-01-25 15:12:05', 191),
(91, '1768.12', '1989-01-24 19:41:38', 196),
(92, '1775.63', '2007-01-09 09:56:08', 196),
(93, '1322.49', '1986-08-07 06:58:19', 196);

-- --------------------------------------------------------

--
-- Table structure for table `career`
--

CREATE TABLE `career` (
  `id` int(11) UNSIGNED NOT NULL,
  `employee_id` int(11) UNSIGNED DEFAULT NULL
) ENGINE=InnoDB DEFAULT CHARSET=utf8mb4 COLLATE=utf8mb4_unicode_ci;

--
-- Dumping data for table `career`
--

INSERT INTO `career` (`id`, `employee_id`) VALUES
(1, 1),
(2, 2),
(3, 3),
(4, 4),
(5, 5),
(6, 6),
(7, 7),
(8, 8),
(9, 9),
(10, 10),
(11, 11),
(12, 12),
(13, 13),
(14, 14),
(15, 15),
(16, 16),
(17, 17),
(18, 18),
(19, 19),
(20, 20),
(21, 21),
(22, 22),
(23, 23),
(24, 24),
(25, 25),
(26, 26),
(27, 27),
(28, 28),
(29, 29),
(30, 30),
(31, 31),
(32, 32),
(33, 33),
(34, 34),
(35, 35),
(36, 36),
(37, 37),
(38, 38),
(39, 39),
(40, 40),
(41, 41),
(42, 42),
(43, 43),
(44, 44),
(45, 45),
(46, 46),
(47, 47),
(48, 48),
(49, 49),
(50, 50),
(51, 51),
(52, 52),
(53, 53),
(54, 54),
(55, 55),
(56, 56),
(57, 57),
(58, 58),
(59, 59),
(60, 60),
(61, 61),
(62, 62),
(63, 63),
(64, 64),
(65, 65),
(66, 66),
(67, 67),
(68, 68),
(69, 69),
(70, 70),
(71, 71),
(72, 72),
(73, 73),
(74, 74),
(75, 75),
(76, 76),
(77, 77),
(78, 78),
(79, 79),
(80, 80),
(81, 81),
(82, 82),
(83, 83),
(84, 84),
(85, 85),
(86, 86),
(87, 87),
(88, 88),
(89, 89),
(90, 90),
(91, 91),
(92, 92),
(93, 93),
(94, 94),
(95, 95),
(96, 96),
(97, 97),
(98, 98),
(99, 99),
(100, 100),
(101, 101),
(102, 102),
(103, 103),
(104, 104),
(105, 105),
(106, 106),
(107, 107),
(108, 108),
(109, 109),
(110, 110),
(111, 111),
(112, 112),
(113, 113),
(114, 114),
(115, 115),
(116, 116),
(117, 117),
(118, 118),
(119, 119),
(120, 120),
(121, 121),
(122, 122),
(123, 123),
(124, 124),
(125, 125),
(126, 126),
(127, 127),
(128, 128),
(129, 129),
(130, 130),
(131, 131),
(132, 132),
(133, 133),
(134, 134),
(135, 135),
(136, 136),
(137, 137),
(138, 138),
(139, 139),
(140, 140),
(141, 141),
(142, 142),
(143, 143),
(144, 144),
(145, 145),
(146, 146),
(147, 147),
(148, 148),
(149, 149),
(150, 150),
(151, 151),
(152, 152),
(153, 153),
(154, 154),
(155, 155),
(156, 156),
(157, 157),
(158, 158),
(159, 159),
(160, 160),
(161, 161),
(162, 162),
(163, 163),
(164, 164),
(165, 165),
(166, 166),
(167, 167),
(168, 168),
(169, 169),
(170, 170),
(171, 171),
(172, 172),
(173, 173),
(174, 174),
(175, 175),
(176, 176),
(177, 177),
(178, 178),
(179, 179),
(180, 180),
(181, 181),
(182, 182),
(183, 183),
(184, 184),
(185, 185),
(186, 186),
(187, 187),
(188, 188),
(189, 189),
(190, 190),
(191, 191),
(192, 192),
(193, 193),
(194, 194),
(195, 195),
(196, 196),
(197, 197),
(198, 198),
(199, 199),
(200, 200);

-- --------------------------------------------------------

--
-- Table structure for table `departure`
--

CREATE TABLE `departure` (
  `id` int(11) UNSIGNED NOT NULL,
  `departure_date` datetime DEFAULT NULL,
  `enterexit_id` int(11) UNSIGNED DEFAULT NULL
) ENGINE=InnoDB DEFAULT CHARSET=utf8mb4 COLLATE=utf8mb4_unicode_ci;

--
-- Dumping data for table `departure`
--

INSERT INTO `departure` (`id`, `departure_date`, `enterexit_id`) VALUES
(1, '1987-07-20 16:11:05', 15),
(2, '2003-11-22 19:51:36', 15),
(3, '1991-10-11 03:14:49', 15),
(4, '1994-08-25 17:13:27', 15),
(5, '2014-02-14 22:51:25', 15),
(6, '2004-05-22 12:28:39', 21),
(7, '2017-04-10 23:42:06', 21),
(8, '2017-08-16 18:25:43', 21),
(9, '2015-08-18 02:37:45', 21),
(10, '2018-07-24 00:40:32', 21),
(11, '2016-05-03 06:06:03', 32),
(12, '2018-09-14 02:02:17', 32),
(13, '2017-11-06 11:47:30', 32),
(14, '2016-06-16 19:32:48', 32),
(15, '2018-07-10 03:43:18', 32),
(16, '2006-07-20 14:41:43', 36),
(17, '2018-05-16 03:20:00', 36),
(18, '1996-01-27 08:07:22', 36),
(19, '2012-09-03 12:04:32', 36),
(20, '1996-04-29 12:42:57', 36),
(21, '1999-05-07 05:34:33', 63),
(22, '1997-08-06 01:58:05', 63),
(23, '1994-10-09 06:34:07', 63),
(24, '1998-11-30 01:56:04', 63),
(25, '2013-06-19 03:20:31', 63),
(26, '2005-04-21 08:42:37', 70),
(27, '2015-07-17 12:21:01', 70),
(28, '2009-10-08 09:57:08', 70),
(29, '2009-12-10 17:54:04', 70),
(30, '2006-06-04 11:30:09', 70),
(31, '1991-11-29 21:23:23', 84),
(32, '2000-07-05 03:11:40', 84),
(33, '2016-11-12 17:48:03', 84),
(34, '2004-03-04 21:31:18', 84),
(35, '2014-08-26 16:53:32', 84),
(36, '2005-03-01 09:25:57', 86),
(37, '2010-07-01 23:11:13', 86),
(38, '2018-11-26 20:08:44', 86),
(39, '2017-01-22 02:49:29', 86),
(40, '2018-05-09 09:30:05', 86),
(41, '1989-01-20 10:16:25', 88),
(42, '2002-09-12 11:05:56', 88),
(43, '1993-05-20 05:32:34', 88),
(44, '1994-09-19 20:12:30', 88),
(45, '2010-11-17 21:05:57', 88),
(46, '2017-12-21 21:16:54', 92),
(47, '2013-11-28 22:44:16', 92),
(48, '2016-11-28 01:58:10', 92),
(49, '2013-09-19 00:45:21', 92),
(50, '2013-04-11 22:10:59', 92),
(51, '2013-05-27 07:54:48', 109),
(52, '2007-11-09 16:43:50', 109),
(53, '2005-02-17 12:21:52', 109),
(54, '2003-09-07 16:44:17', 109),
(55, '2008-08-23 03:04:35', 109),
(56, '1997-03-10 16:02:45', 110),
(57, '2003-04-13 12:51:59', 110),
(58, '1993-05-19 22:17:21', 110),
(59, '2013-06-25 00:24:14', 110),
(60, '1981-08-16 14:27:38', 110),
(61, '1992-11-19 08:27:11', 111),
(62, '1990-10-23 05:27:51', 111),
(63, '1991-09-20 12:06:44', 111),
(64, '1989-10-14 14:39:02', 111),
(65, '2011-02-05 22:32:46', 111),
(66, '2000-10-12 01:45:38', 130),
(67, '2015-07-22 18:20:08', 130),
(68, '1990-01-29 20:02:47', 130),
(69, '1995-05-22 14:33:59', 130),
(70, '1988-08-24 11:39:15', 130),
(71, '2016-01-16 10:22:46', 140),
(72, '2014-09-18 06:40:11', 140),
(73, '2017-07-01 07:26:12', 140),
(74, '2018-03-24 09:38:35', 140),
(75, '2014-08-21 16:05:44', 140),
(76, '2009-02-12 08:24:50', 157),
(77, '2009-07-23 04:51:18', 157),
(78, '2017-08-10 19:44:14', 157),
(79, '2009-06-22 16:34:04', 157),
(80, '2014-08-14 06:30:31', 157),
(81, '2002-04-15 10:52:29', 161),
(82, '2010-11-12 02:57:22', 161),
(83, '1997-01-08 21:06:30', 161),
(84, '1991-10-01 03:14:52', 161),
(85, '1993-03-02 22:37:34', 161),
(86, '2000-11-22 14:04:34', 181),
(87, '2000-07-29 06:36:01', 181),
(88, '2012-08-26 00:03:31', 181),
(89, '2008-06-21 10:07:29', 181),
(90, '2012-11-19 22:02:50', 181),
(91, '2017-12-26 16:44:44', 194),
(92, '2019-02-15 11:06:21', 194),
(93, '2017-12-31 17:58:02', 194),
(94, '2018-03-24 18:48:21', 194),
(95, '2018-05-27 08:47:58', 194);

-- --------------------------------------------------------

--
-- Table structure for table `employee`
--

CREATE TABLE `employee` (
  `id` int(11) UNSIGNED NOT NULL,
  `city` varchar(191) COLLATE utf8mb4_unicode_ci DEFAULT NULL,
  `name` varchar(191) COLLATE utf8mb4_unicode_ci DEFAULT NULL,
  `firstname` varchar(191) COLLATE utf8mb4_unicode_ci DEFAULT NULL,
  `street_address` varchar(191) COLLATE utf8mb4_unicode_ci DEFAULT NULL,
  `postal_code` varchar(191) COLLATE utf8mb4_unicode_ci DEFAULT NULL,
  `birthdate` date DEFAULT NULL,
  `appli_pw` varchar(191) COLLATE utf8mb4_unicode_ci DEFAULT NULL,
  `email` varchar(191) COLLATE utf8mb4_unicode_ci DEFAULT NULL,
  `cellphone` varchar(191) COLLATE utf8mb4_unicode_ci DEFAULT NULL
) ENGINE=InnoDB DEFAULT CHARSET=utf8mb4 COLLATE=utf8mb4_unicode_ci;

--
-- Dumping data for table `employee`
--

INSERT INTO `employee` (`id`, `city`, `name`, `firstname`, `street_address`, `postal_code`, `birthdate`, `appli_pw`, `email`, `cellphone`) VALUES
(1, 'Schneider', 'Guyot', 'Christelle', '4 rue de Peltier', '80877', '2002-03-25', 'e7db29c28e0b00e04167c22445600957cd6ff2d5', 'Guyot.C@noos.fr', '+33 (0)8 11 00 36 79'),
(2, 'Barbier-les-Bains', 'Leroy', 'Alfred', '93 impasse Fouquet', '25 574', '1997-11-11', '91b68087f383c3be2a04e885458d8f89f8620fe1', 'Leroy.A@yahoo.fr', '+33 8 26 18 22 20'),
(3, 'Normand', 'Aubert', 'Julie', '328 impasse de Arnaud', '38 111', '1992-08-30', '2dafb19e540062276599d1f4495111fc9dba677b', 'Aubert.J@dbmail.com', '0928753795'),
(4, 'Robert', 'Gilles', 'Jeanne', '179229 rue de Cousin', '24672', '1992-12-03', 'b5524dc291ab7f6aaa881322fd14d2a557879f05', 'Gilles.J@club-internet.fr', '03 00 52 53 88'),
(5, 'Collin-sur-Mer', 'Charpentier', 'Nathalie', '37 avenue de Baron', '85335', '1989-04-13', '563d5d06547c53c4054164f3ef2e500cdcdabd76', 'Charpentier.N@bouygtel.fr', '0731453131'),
(6, 'Paul-les-Bains', 'Boucher', 'Zoé', '694387912 rue Sabine Chretien', '91721', '1997-08-14', '0f663ceafa80cad0958c4a394d90256a02636edc', 'Boucher.Z@live.com', '+33 9 92 71 64 43'),
(7, 'Raymond', 'Rodriguez', 'Alice', '22959 avenue de Durand', '20 091', '2017-07-01', '25d742367fc44b5827651b6c25e448f88882a2f6', 'Rodriguez.A@live.com', '0215132036'),
(8, 'Labbe-sur-Mer', 'Simon', 'Sylvie', '645 rue Rémy Tanguy', '90 246', '1974-12-21', 'daaa73643800e5300e8f9d61e677bf4689d620ff', 'Simon.S@sfr.fr', '01 38 75 29 16'),
(9, 'Marques', 'Lopes', 'Franck', '633831749 rue de Lefebvre', '86 944', '1976-05-06', '5e46388af313c793de4ea339a5ea734ec648d530', 'Lopes.F@hotmail.fr', '0451907164'),
(10, 'Dijoux', 'Munoz', 'Lucas', '6 impasse Delmas', '42 134', '2004-05-07', '40e8fe930c92b85719d9194c197d483a4f90dd48', 'Munoz.L@noos.fr', '0405916359'),
(11, 'Collet', 'Dumas', 'Arthur', '200678 rue de Lopez', '91558', '1978-08-13', '6f550894cec3d66f0098cab923237ef47c87a1c2', 'Dumas.A@dbmail.com', '+33 (0)1 72 52 06 83'),
(12, 'Lefort', 'Bourgeois', 'Benoît', '6 impasse Marianne Evrard', '38 606', '2006-05-17', 'e6438e2d03c42322fb6a8547a7eee14c435bc691', 'Bourgeois.B@bouygtel.fr', '0153754943'),
(13, 'David', 'Andre', 'Françoise', '48115789 rue de Rocher', '85 526', '2008-01-20', '8974b803f71f0190a822887900dad29dccd1cb12', 'Andre.F@free.fr', '+33 (0)3 27 74 29 71'),
(14, 'Torres-la-Forêt', 'Petitjean', 'Margaux', '5974 rue Cordier', '62979', '1995-11-26', '973d13dc3c06ba73513825751cae89c17612a6ab', 'Petitjean.M@ifrance.com', '06 04 41 29 84'),
(15, 'Parent', 'Noel', 'Martine', '69015976 chemin Christiane Faure', '56993', '2010-02-02', 'b8cc4f64f02fa5f264efa376c124fac36fe04add', 'Noel.M@dbmail.com', '+33 (0)3 22 57 77 96'),
(16, 'Schneider-les-Bains', 'Royer', 'Aurore', '92523699 chemin de Perrier', '93379', '1998-05-17', '40037f25f7c51bf26f323d6bf30b3dca46057d5e', 'Royer.A@free.fr', '+33 (0)2 87 61 62 33'),
(17, 'Jacob', 'Grondin', 'Susanne', '813 rue de Robin', '02 645', '1991-09-14', '1352bb88e1f4549cc4c726557e5aa2f8d4af5c33', 'Grondin.S@orange.fr', '+33 9 38 89 00 96'),
(18, 'Guyot', 'Perret', 'Anaïs', '9197408 rue Laurent', '98108', '1973-07-27', 'b29ae937ab717e38270dc1880f03d6e13fec97c4', 'Perret.A@tiscali.fr', '+33 (0)9 57 41 93 64'),
(19, 'Mahe', 'Roux', 'Émile', '0 rue de Ferreira', '38 566', '1982-03-15', '847d76493f8567733ef64a5e30c39c31532b24a1', 'Roux.?@gmail.com', '+33 4 28 08 44 40'),
(20, 'Berthelot-sur-Mer', 'Antoine', 'Thérèse', '79299 place Thomas Boulay', '97493', '2016-03-29', '8af5486f85b6ba7ead6384886cf50f68876b7043', 'Antoine.T@gmail.com', '+33 6 46 24 77 61'),
(21, 'Renard-sur-Duhamel-les-Bains', 'Blondel', 'Corinne', '78294330 boulevard Henri Morvan', '58148', '1976-08-21', 'bf3bd166c5272aa6276077d9a55267c23af8c89a', 'Blondel.C@ifrance.com', '+33 3 77 47 96 06'),
(22, 'Blot', 'Royer', 'Charlotte', '92465203 chemin Olivier Jacquet', '34188', '1989-01-04', '40037f25f7c51bf26f323d6bf30b3dca46057d5e', 'Royer.C@yahoo.fr', '+33 3 00 60 80 91'),
(23, 'Guyot', 'Legros', 'Gabrielle', '884 rue Bernadette Julien', '65755', '1998-12-20', 'eae892f2dbfc0299646fafea30de7e5674e4e7fa', 'Legros.G@wanadoo.fr', '+33 2 47 73 26 97'),
(24, 'Boyer', 'Rousseau', 'Gabrielle', '60 impasse Joseph Lemoine', '59 674', '1982-04-06', 'ec324aa780575f9ab674d97c9a995170dcca09fe', 'Rousseau.G@voila.fr', '0174753643'),
(25, 'Martinez', 'Cohen', 'Pierre', '527158 rue Clémence Hamon', '92219', '1970-10-30', 'adb8ce21f10ea8a5b6a72cde36d35eb83a93dad7', 'Cohen.P@dbmail.com', '+33 3 57 87 15 65'),
(26, 'Etienne', 'Letellier', 'Benoît', '909267697 chemin de Guilbert', '39069', '1971-11-29', 'b1f93fa96cb1c7ddbc0e4e70cf5cb963e85f5fa8', 'Letellier.B@tiscali.fr', '+33 (0)4 81 37 24 63'),
(27, 'Herve-sur-Mer', 'Guyon', 'Rémy', '5388344 avenue Rey', '59352', '2002-01-19', '6cd741c96f42254a37850a95ba6883ca93e4a06d', 'Guyon.R@wanadoo.fr', '03 45 23 02 61'),
(28, 'Seguin-la-Forêt', 'Guillot', 'Olivie', '20916 rue Amélie Devaux', '25802', '2003-02-25', '16448334a010307996032bf47d1fd64b7005eb78', 'Guillot.O@voila.fr', '+33 1 62 22 19 73'),
(29, 'Vaillant', 'Brunet', 'Aimé', '7149 avenue Bernard', '25937', '2003-11-05', '1dd4f3dd4d80a3bbe57146d1dc4285ed9a33ec3b', 'Brunet.A@laposte.net', '0597460627'),
(30, 'Marchand-la-Forêt', 'Allard', 'Alexandria', '856 rue de Roy', '54766', '2015-10-24', 'ae0716c078e56bda9c72caa662d3d0ae580b4a47', 'Allard.A@noos.fr', '05 77 08 07 84'),
(31, 'Joly', 'Fernandez', 'Eugène', '297950103 impasse Brun', '12890', '1999-11-20', '10a4a9efe6149f7ce4fb355dbb4c86703b89ca48', 'Fernandez.E@bouygtel.fr', '01 43 55 86 44'),
(32, 'Guillaume-sur-Becker', 'Lefort', 'Luce', '491582 boulevard Claire Olivier', '05702', '1986-08-21', '1bee66beb44f1b2071fd5839b0af391b2fbd877a', 'Lefort.L@tiscali.fr', '0981804986'),
(33, 'Gaillard-la-Forêt', 'Thomas', 'Emmanuel', '51 rue de Barre', '63405', '1987-05-05', '0ce8bb31a2753aa7958cc5b53c5aa364c23020dc', 'Thomas.E@free.fr', '0810271812'),
(34, 'Mathieu', 'Philippe', 'Margot', '935003 avenue de Dupre', '98397', '1992-04-09', 'd689fa7887ddc60ab464dc8433920d7c08dac1a4', 'Philippe.M@free.fr', '+33 3 98 79 78 97'),
(35, 'Techer-la-Forêt', 'Gautier', 'Hugues', '9533821 boulevard Henriette Legrand', '33 884', '2002-09-29', 'e497224c328374ac01b07823ff17cf63ea22bc5f', 'Gautier.H@hotmail.fr', '01 02 12 54 62'),
(36, 'Diaz', 'Gerard', 'Thibaut', '674451 impasse Brun', '14 863', '2006-08-25', '3e373a40ca4c5b2f6f5ecb29576adb3f465a1990', 'Gerard.T@club-internet.fr', '+33 (0)8 93 45 50 15'),
(37, 'Allard', 'Rousseau', 'Simone', '48266 avenue Clémence Andre', '46 546', '2003-08-07', 'ec324aa780575f9ab674d97c9a995170dcca09fe', 'Rousseau.S@noos.fr', '+33 6 67 17 63 95'),
(38, 'Lemonnier', 'Fischer', 'Olivier', '63025 place Camus', '94695', '1998-07-04', '0980c92bb1a3cbe0ae18f340d58ac2b28c14d973', 'Fischer.O@ifrance.com', '+33 9 67 05 20 80'),
(39, 'Peltier', 'Gros', 'André', '656 avenue Grégoire Pineau', '17 225', '2011-09-18', '60bf38440f46abe20b7d8130ec0f2dc44432049b', 'Gros.A@laposte.net', '01 91 49 77 39'),
(40, 'Martineau', 'Alexandre', 'Alphonse', '1827361 place Paulette Delaunay', '98701', '1974-06-22', '888017a5ca1bd7dc790fc6c7abb62c739b9515b4', 'Alexandre.A@gmail.com', '08 98 44 99 03'),
(41, 'Clement-sur-Lacombe', 'Pereira', 'Nathalie', '40363326 place Louis', '57 807', '1980-07-15', '9f3837479b1dbd56142021298a50e3d9212472aa', 'Pereira.N@sfr.fr', '+33 (0)9 69 75 07 48'),
(42, 'Olivier-sur-Bouchet-sur-Mer', 'Bouvier', 'Manon', '8 boulevard de Reynaud', '59 889', '1974-09-11', 'fbfd500f8faec81a940fb144d1177e14e4a3eda6', 'Bouvier.M@tele2.fr', '+33 7 47 50 94 92'),
(43, 'Charpentier', 'Fournier', 'Alain', '38 place Simon', '35 546', '1997-06-12', '223224fcfb2889aa3efc352c1e9cd019e4b3d39d', 'Fournier.A@dbmail.com', '0346865902'),
(44, 'Guilbert', 'Adam', 'Yves', '76 chemin Théophile Lemoine', '59 665', '1989-03-29', 'f150103ea300d39ce14df55b5ec4892839194614', 'Adam.Y@club-internet.fr', '+33 5 47 64 13 36'),
(45, 'Mercier', 'Andre', 'Franck', '40 rue de Fouquet', '81277', '1987-04-19', '8974b803f71f0190a822887900dad29dccd1cb12', 'Andre.F@noos.fr', '+33 7 39 06 75 33'),
(46, 'Bonneau-les-Bains', 'Weiss', 'Roger', '95613 avenue André Pruvost', '95554', '2008-12-08', '1c8cbc20ad7800c091326df74566d4ac8081d16d', 'Weiss.R@yahoo.fr', '09 44 41 38 27'),
(47, 'Collet-sur-Mer', 'Blanchard', 'Marc', '97 rue Auguste Mathieu', '57 993', '1994-11-28', 'ef09c29dd8609c760fb4d4c5076b7fc4ca609406', 'Blanchard.M@orange.fr', '04 14 58 15 01'),
(48, 'Blanchet', 'Millet', 'Denis', '6 impasse Lemoine', '36 907', '1991-12-11', '38e4c08196b93c2bcbceea1b10ed1da965b2b2b5', 'Millet.D@yahoo.fr', '01 98 70 61 42'),
(49, 'Moreno-les-Bains-sur-Mer', 'Guerin', 'Éléonore', '757363 boulevard Guillot', '91 957', '1984-11-12', 'a5f67db2ff012d9e7c0884dfaeeb432a1efa98fd', 'Guerin.?@yahoo.fr', '0597118978'),
(50, 'Noel', 'Mahe', 'Gabriel', '803 impasse Bazin', '83178', '1974-06-24', '8fe700c10a024549fb990e707d7c0d53539ca03b', 'Mahe.G@ifrance.com', '0240380489'),
(51, 'Langlois', 'Gaillard', 'Mathilde', '5950579 avenue Henriette Schmitt', '62218', '1974-01-15', '14c07333a8bfa2b2720c1983be17721c79a434af', 'Gaillard.M@yahoo.fr', '01 87 10 92 03'),
(52, 'Joubert-sur-Dufour', 'Lemaire', 'David', '774410968 avenue de Maurice', '76 569', '2000-01-04', '2b789a2e80d41ec515abcc8c202a3a10a0342740', 'Lemaire.D@yahoo.fr', '+33 2 07 18 17 70'),
(53, 'Colas-sur-Boyer', 'Costa', 'Édith', '208 place Victor Martineau', '42274', '1976-02-13', 'a98e73e6902a9e989dbdd7a4deec2e3cc0b3828a', 'Costa.?@free.fr', '+33 (0)1 13 90 99 38'),
(54, 'Remy-sur-Blanchet', 'Olivier', 'Guillaume', '68147294 avenue Guillaume', '24 520', '1988-10-09', 'c52862bf2379f6aa07a2c009dff962adb6950133', 'Olivier.G@hotmail.fr', '07 76 49 82 17'),
(55, 'Thierry', 'Thibault', 'Anne', '8070008 impasse de Lagarde', '24777', '2009-12-10', '59f9d9fd0241f771c04841a45630018639a11ebf', 'Thibault.A@hotmail.fr', '0258773010'),
(56, 'Bonnin-sur-Costa-sur-Mer', 'Maillot', 'Nicole', '93 rue De Oliveira', '08 763', '2007-06-25', 'cf5719be62b53d309188fe6d4b77a99117064cff', 'Maillot.N@club-internet.fr', '+33 (0)2 81 22 77 78'),
(57, 'Riviere', 'Riviere', 'Lucy', '270803367 rue Geneviève Costa', '81190', '2017-10-21', '9e3dd686c5dc81cdad5ace043d019e44dfb35f5a', 'Riviere.L@voila.fr', '02 68 59 65 84'),
(58, 'Clerc', 'Royer', 'Timothée', '9085 impasse Laurent Faivre', '62430', '1989-03-14', '40037f25f7c51bf26f323d6bf30b3dca46057d5e', 'Royer.T@noos.fr', '09 34 90 18 46'),
(59, 'Roger', 'Vallee', 'Brigitte', '24 rue de Courtois', '77 483', '2003-10-16', '0446d1554b04d147f4e0e8077d26c74bf945b0d7', 'Vallee.B@club-internet.fr', '+33 8 91 93 06 26'),
(60, 'Rocher-la-Forêt', 'Fournier', 'Maggie', '11051 avenue de Lelievre', '56 142', '1972-06-11', '223224fcfb2889aa3efc352c1e9cd019e4b3d39d', 'Fournier.M@hotmail.fr', '+33 (0)4 87 63 59 23'),
(61, 'Bouvier', 'Alexandre', 'Michèle', '2464 place Véronique Gomes', '95 850', '1990-05-05', '888017a5ca1bd7dc790fc6c7abb62c739b9515b4', 'Alexandre.M@sfr.fr', '+33 (0)6 05 67 73 08'),
(62, 'Barbier', 'Delannoy', 'Virginie', '734443 place Corinne Poirier', '00 028', '1970-04-20', 'ecdb31b45bb824e8d12058223e24428f152dd69e', 'Delannoy.V@wanadoo.fr', '+33 (0)5 97 30 50 72'),
(63, 'Joly-sur-Vallet-la-Forêt', 'Olivier', 'Dominique', '242 boulevard de Bailly', '90 330', '2002-08-19', 'c52862bf2379f6aa07a2c009dff962adb6950133', 'Olivier.D@ifrance.com', '07 61 76 61 63'),
(64, 'Gay', 'Besnard', 'Joseph', '88 rue Pierre Bouvier', '21 199', '1971-12-24', '0486fac966d0b3d1dce660c9483c1b953e4f9b55', 'Besnard.J@orange.fr', '+33 7 44 30 11 31'),
(65, 'Baudry-les-Bains', 'Gregoire', 'Patricia', '8 boulevard Diane Lacroix', '94328', '1991-09-27', '10d214c11c8368ff60c12ee284181169efa8745d', 'Gregoire.P@free.fr', '0253865068'),
(66, 'Bazin', 'Rousset', 'Bertrand', '967 rue Claire Duval', '19070', '2001-02-13', '866163548d4acc0e42804495740c4c4ce5f7ef9c', 'Rousset.B@voila.fr', '+33 (0)5 68 73 61 78'),
(67, 'Boyer-sur-Fournier', 'Faivre', 'Andrée', '3407209 rue de Alexandre', '91861', '2015-01-02', '8226d302e38d98054dde10b5d95e87de4a98408a', 'Faivre.A@club-internet.fr', '02 32 45 63 11'),
(68, 'Delannoy', 'Voisin', 'Hugues', '285737022 rue de Brunel', '42906', '1984-10-19', '7cc5b294c3ff4b6f02496835bae46daba4897bdd', 'Voisin.H@ifrance.com', '+33 1 37 76 99 71'),
(69, 'Georges-les-Bains', 'Robin', 'Élisabeth', '3 avenue Martineau', '86652', '2016-04-17', '0552c10938b6e785537483f1b37a644f3d9d82d3', 'Robin.?@dbmail.com', '+33 (0)2 73 38 01 82'),
(70, 'Wagner-sur-Mer', 'Robin', 'Dominique', '675530 chemin de Begue', '51924', '1974-11-28', '0552c10938b6e785537483f1b37a644f3d9d82d3', 'Robin.D@tiscali.fr', '04 68 55 98 57'),
(71, 'Boyer', 'Foucher', 'Philippine', '8 avenue Laurence Riviere', '18291', '1970-05-01', '3a8d439659b03eaf8229bf8560125561753a0b65', 'Foucher.P@sfr.fr', '02 30 06 49 19'),
(72, 'Roche', 'Voisin', 'Aurore', '522857 place Clémence Roussel', '09 877', '2005-11-24', '7cc5b294c3ff4b6f02496835bae46daba4897bdd', 'Voisin.A@club-internet.fr', '0756951631'),
(73, 'Charles', 'Paris', 'Alain', '583905 avenue de Noel', '11563', '1978-12-01', '8fa6207adbdb94947607469970e7e23f72d31dc2', 'Paris.A@noos.fr', '+33 2 17 86 30 00'),
(74, 'Lagarde', 'Perez', 'Laurent', '19 rue Michel Andre', '12415', '2009-06-29', '332f81501a65d9dcb818fde722849d0ba3c169f1', 'Perez.L@live.com', '+33 9 04 05 56 85'),
(75, 'Jacquet-sur-Aubert', 'Bonnet', 'Henri', '7654384 rue Leclercq', '84 742', '1997-08-08', 'f6f2e622538edf9f6ffee874032af0b617c59a03', 'Bonnet.H@dbmail.com', '06 18 06 56 85'),
(76, 'Carlier', 'Ferreira', 'Gabriel', '6 avenue Margot Brunel', '78341', '2006-04-27', '8b0e06ce8a56904c6b59eb1d3d22ba02b50ec716', 'Ferreira.G@yahoo.fr', '08 05 69 72 41'),
(77, 'Charrier', 'Marechal', 'Marine', '749334494 rue de Lamy', '18 679', '1995-04-07', '26137ae84611ece6e3eea3c18931c5b10700c2fa', 'Marechal.M@yahoo.fr', '+33 7 89 74 23 68'),
(78, 'Seguin-sur-Lambert', 'Samson', 'Aimé', '1617093 rue Marion', '26470', '2015-06-20', '3926b4ffe64922ce7ef9b14f43eb647fe81b28fc', 'Samson.A@orange.fr', '0670257043'),
(79, 'Chauveau', 'Hubert', 'Alex', '980 avenue Geneviève Marty', '07090', '1970-01-22', '10b7d312c0dce369c19cb6de3d95e872bb8832e9', 'Hubert.A@bouygtel.fr', '+33 (0)9 92 36 49 09'),
(80, 'Brun', 'Brunet', 'Margot', '40 rue Hernandez', '71 499', '1975-02-05', '1dd4f3dd4d80a3bbe57146d1dc4285ed9a33ec3b', 'Brunet.M@voila.fr', '+33 2 98 46 93 34'),
(81, 'Leger-les-Bains', 'Robin', 'Luce', '15956546 boulevard Martine Richard', '39031', '2013-04-23', '0552c10938b6e785537483f1b37a644f3d9d82d3', 'Robin.L@club-internet.fr', '02 12 51 45 83'),
(82, 'Baron-les-Bains', 'Gomez', 'Joseph', '273138 rue Vasseur', '08915', '1977-09-09', '81c4251066f97159aa9af6f97f94f69cdc879165', 'Gomez.J@hotmail.fr', '09 96 52 43 96'),
(83, 'Chauvet', 'Bernard', 'Élisabeth', '24 rue de Moreno', '28705', '1976-08-04', '6cdab3c2fac9ca758de060eae26929d55c2df018', 'Bernard.?@noos.fr', '05 42 00 50 34'),
(84, 'Marin', 'Godard', 'Arthur', '0 avenue Maury', '37536', '1987-03-11', '756c7be512ce9d999a6ee1daf912612cf1853895', 'Godard.A@live.com', '+33 (0)8 92 06 10 20'),
(85, 'David', 'Seguin', 'Marc', '7554 avenue Jacques Dupre', '27 690', '1992-06-10', 'edf86cf7799e5dd8b9cd57f79ab346c5046db277', 'Seguin.M@orange.fr', '0293070596'),
(86, 'Roger', 'Lebreton', 'Hélène', '20032 place Joubert', '13642', '1993-01-09', '1b03036799d198fe80d425a3a0e8437f0e8efe04', 'Lebreton.H@wanadoo.fr', '0633724036'),
(87, 'Lebon', 'Wagner', 'Émilie', '9 avenue Benoit', '41 425', '1979-04-05', '75c3c07abb26d3950deed21a7ea1a5b871adea96', 'Wagner.?@wanadoo.fr', '0684112235'),
(88, 'Legrand', 'Lefort', 'Christiane', '4 boulevard Robert Gallet', '83 940', '1983-12-08', '1bee66beb44f1b2071fd5839b0af391b2fbd877a', 'Lefort.C@ifrance.com', '+33 (0)4 67 44 08 33'),
(89, 'Cousin', 'Traore', 'Gilles', '21214 rue Émile Duval', '58 327', '1988-05-17', 'a87dcf5a7febcdd68d163838f914f79fb125c30b', 'Traore.G@sfr.fr', '08 29 86 69 68'),
(90, 'Bernard-les-Bains', 'Weiss', 'Denise', '60725437 place Dominique Mallet', '50155', '1987-08-22', '1c8cbc20ad7800c091326df74566d4ac8081d16d', 'Weiss.D@ifrance.com', '+33 (0)4 78 42 90 65'),
(91, 'Maillot', 'Gautier', 'Lucas', '281153384 chemin de Fouquet', '42 852', '2015-10-04', 'e497224c328374ac01b07823ff17cf63ea22bc5f', 'Gautier.L@noos.fr', '0193364440'),
(92, 'Perez-sur-Boucher', 'Vidal', 'Nathalie', '2 impasse Lesage', '26 374', '2004-01-16', 'ac1f8cb850b552ce02dac9a54b71e0e738a1bd69', 'Vidal.N@yahoo.fr', '05 13 72 99 08'),
(93, 'De Oliveira-sur-Teixeira', 'Rocher', 'Paulette', '113362695 avenue Costa', '39055', '1989-06-02', '85390517efdc1974034347a66f0dc3f546ab4d03', 'Rocher.P@yahoo.fr', '0146390342'),
(94, 'Marechal', 'Nicolas', 'Jérôme', '7 boulevard Traore', '27651', '1993-06-08', '43baf12a96b0869e6b673329387bf0f98145bd3a', 'Nicolas.J@yahoo.fr', '+33 2 96 51 11 77'),
(95, 'Leconte', 'Maury', 'Susanne', '8803282 rue Maurice Aubry', '49 324', '1980-12-18', '913ee90dd80509b4f4841c28eee4c553aab9e283', 'Maury.S@voila.fr', '01 07 62 20 39'),
(96, 'Berger', 'Hamon', 'Honoré', '22768 impasse Émilie Bodin', '09192', '1991-06-13', 'ecfc2b3bfcabaaaaf6834757258aebabf39bb745', 'Hamon.H@tiscali.fr', '+33 (0)8 10 98 53 35'),
(97, 'Renaud-sur-Guillaume', 'Becker', 'Raymond', '7627546 chemin Masse', '02 361', '1996-09-18', '124cbcaf34d095b7d78ccc50bae6baba833fff69', 'Becker.R@sfr.fr', '05 13 13 50 77'),
(98, 'Roux', 'Girard', 'Robert', '93 impasse de Chauveau', '60636', '2010-06-19', 'a00ece1b02973006db64b640548692b82512e55f', 'Girard.R@noos.fr', '01 29 18 60 02'),
(99, 'Albert', 'Pasquier', 'Catherine', '1372 impasse de Barbier', '96 403', '2017-05-09', '2fbc333d597128f5a109410f17e29fcdf24a4f50', 'Pasquier.C@free.fr', '+33 9 84 88 12 09'),
(100, 'Morin', 'Legrand', 'Juliette', '194979 impasse de Le Roux', '77850', '2004-03-04', 'ecbd14604979d348952682cf7ff6f4e1530612a4', 'Legrand.J@noos.fr', '+33 (0)3 05 40 34 60'),
(101, 'Evrard', 'Vidal', 'Colette', '487 place de Allain', '86 132', '2012-02-24', 'ac1f8cb850b552ce02dac9a54b71e0e738a1bd69', 'Vidal.C@ifrance.com', '+33 (0)1 08 37 05 17'),
(102, 'Dupont-les-Bains', 'Aubert', 'Agathe', '6737195 boulevard de Gay', '11 745', '2009-07-02', '2dafb19e540062276599d1f4495111fc9dba677b', 'Aubert.A@yahoo.fr', '0930818762'),
(103, 'Diaz-sur-Mer', 'Valette', 'Luc', '6697226 rue de Morvan', '47962', '2006-02-23', '8dd78ed236373c19404592d5c4d9ac3d24085533', 'Valette.L@tiscali.fr', '+33 (0)7 69 34 61 66'),
(104, 'Bertrand-la-Forêt', 'Clerc', 'Richard', '3701 rue de Duval', '52239', '2016-05-07', 'c362cd457429932d6d149e326a7b2455b9fdd416', 'Clerc.R@sfr.fr', '+33 1 05 46 60 69'),
(105, 'Lefevre', 'Martin', 'François', '860 avenue Lebrun', '95 365', '2007-04-10', 'bbc962ce0d2c3de1f88fecef005ea9fdcaee4604', 'Martin.F@sfr.fr', '0735469453'),
(106, 'Dijoux', 'Leveque', 'Jacqueline', '884295826 boulevard de Clerc', '61496', '1973-08-29', '4f4e7963988ca191362fb0c5c7fd6961cf2a32b6', 'Leveque.J@ifrance.com', '0910649200'),
(107, 'Petitjean', 'Aubry', 'Madeleine', '253 place de Richard', '54 679', '1980-12-14', 'e678741dc38a1291eafc070988eced27ec1c753e', 'Aubry.M@voila.fr', '+33 (0)7 80 83 89 18'),
(108, 'Giraud', 'Lagarde', 'Anastasie', '0 place de Hamel', '81021', '1990-03-04', '96cf8464516fca5eea4b93764573c2e1cadc7f67', 'Lagarde.A@voila.fr', '+33 (0)7 98 13 75 42'),
(109, 'Chretien-la-Forêt', 'Dijoux', 'Joseph', '98 impasse Boulanger', '99977', '1992-07-09', 'fc19858ae2467f0a4d445f25f7483c2b0a6ed721', 'Dijoux.J@laposte.net', '06 69 79 05 78'),
(110, 'Sanchez', 'Leroy', 'Tristan', '941 chemin Alfred Renard', '87 037', '2008-03-26', '91b68087f383c3be2a04e885458d8f89f8620fe1', 'Leroy.T@wanadoo.fr', '0186281295'),
(111, 'Tanguy', 'Denis', 'Emmanuel', '1854642 rue de Picard', '70351', '1993-05-28', '50f895f59862b2cb002ebb5883d05b46c1469532', 'Denis.E@club-internet.fr', '+33 1 81 51 65 11'),
(112, 'Gerard-les-Bains', 'Lefort', 'Gilles', '11934244 place Jean', '05998', '1974-02-24', '1bee66beb44f1b2071fd5839b0af391b2fbd877a', 'Lefort.G@tiscali.fr', '+33 6 38 84 38 48'),
(113, 'Martineau', 'Picard', 'Inès', '9077 rue Bouvier', '90 675', '1997-04-06', 'eef450ab0a1d9be193ee649aab83b08d03621b4a', 'Picard.I@sfr.fr', '+33 (0)2 06 97 30 78'),
(114, 'Germain-sur-Mer-la-Forêt', 'Schneider', 'Manon', '5556135 rue de Garnier', '20138', '2004-08-26', '5e764961a3f4113d0b1af704faf8d4a4a11d86ac', 'Schneider.M@free.fr', '08 08 33 48 22'),
(115, 'Duval-sur-Bouvet', 'Rossi', 'Marguerite', '128545854 place de Charrier', '57 728', '1975-02-26', '6e18ed657ca4467947079e5de81d10e71c2a855f', 'Rossi.M@live.com', '0156187303'),
(116, 'Blin', 'Pereira', 'Michelle', '8 place Noémi Gregoire', '19971', '1986-09-08', '9f3837479b1dbd56142021298a50e3d9212472aa', 'Pereira.M@club-internet.fr', '02 50 41 96 83'),
(117, 'Roger-sur-Breton', 'Cordier', 'Agnès', '3 rue Pereira', '39 970', '1998-03-10', '7a424f9f064af88c980d877cfa8af6e62905fc01', 'Cordier.A@noos.fr', '+33 (0)2 18 11 96 62'),
(118, 'Lacroix', 'Delattre', 'Gérard', '382 chemin Bazin', '64826', '1970-02-07', '51093ec130f04c41a240ef1d3ab6609de0f6d219', 'Delattre.G@dbmail.com', '03 51 41 83 43'),
(119, 'Rousset', 'Besson', 'Benjamin', '5625 boulevard Tristan Delmas', '79 237', '1991-09-25', '5215a29e2f014c5373862f1b95826e5025747d3a', 'Besson.B@laposte.net', '0974457681'),
(120, 'Philippe-sur-Blanc', 'Fabre', 'Denis', '63 rue Legrand', '20170', '2016-08-05', '8f945d65de394b689fa57511e570be0ff1c439f4', 'Fabre.D@noos.fr', '+33 5 73 61 47 80'),
(121, 'Breton-sur-Leger', 'Picard', 'Maryse', '38 place Lopes', '59 044', '2008-05-26', 'eef450ab0a1d9be193ee649aab83b08d03621b4a', 'Picard.M@dbmail.com', '+33 8 93 19 82 39'),
(122, 'Francois', 'Lesage', 'Colette', '30 place de Hardy', '06163', '2012-08-02', 'b4cf1a209a916b43856d5dc9e24d6b4368028afd', 'Lesage.C@yahoo.fr', '+33 5 49 28 02 49'),
(123, 'Ollivier-les-Bains', 'Vasseur', 'Gérard', '9357 boulevard Renaud', '68275', '1974-04-27', '293bc7f219de9b63f115bd2bb61ead51049a833b', 'Vasseur.G@bouygtel.fr', '+33 (0)9 05 86 18 10'),
(124, 'Barthelemy-sur-Mer', 'Caron', 'Thomas', '90186 rue Thibaut Vidal', '45984', '1975-08-04', '49723278c0d98db8ddcf0db7321da6e25c19f0d6', 'Caron.T@voila.fr', '0603648517'),
(125, 'Blanchet', 'Dupuy', 'Augustin', '1613 impasse de Berger', '37111', '2002-11-21', 'dc1b1e73c19806763c5eefb7a95a5faa33cf7cfa', 'Dupuy.A@tiscali.fr', '+33 (0)1 24 89 06 02'),
(126, 'Clement-sur-Mer', 'Lemonnier', 'Olivier', '75823161 boulevard Arnaud', '55 489', '1989-10-12', '3a470d9db534d1a43664110bd16f9f1efab9e37d', 'Lemonnier.O@live.com', '+33 9 32 90 32 71'),
(127, 'Marion-sur-Mer', 'Martel', 'Alix', '709 chemin Lesage', '64 104', '1995-10-15', '3bc54791700c09eac5c31ac372b2d9efe738d5e0', 'Martel.A@laposte.net', '0641676994'),
(128, 'Lebrun-sur-Carlier', 'Deschamps', 'Frédéric', '7158 rue Martinez', '09899', '1982-07-04', '62970eae97e69e39dc771482915000c1f66e39fc', 'Deschamps.F@noos.fr', '+33 (0)1 75 59 46 95'),
(129, 'Raymond-les-Bains', 'Laporte', 'Hugues', '4 boulevard Thierry Briand', '87460', '1976-05-05', 'a9828dbe8e58aa40c83175be37a01f7993d4a844', 'Laporte.H@ifrance.com', '+33 9 33 77 87 52'),
(130, 'Joubert-sur-Nguyen', 'Benard', 'Noël', '86135 chemin de Picard', '38246', '1971-06-14', '2d80a0df45d553e1582b69b3c85cffe653fec15b', 'Benard.N@ifrance.com', '+33 6 65 39 94 84'),
(131, 'Bigot-la-Forêt', 'Vasseur', 'Brigitte', '6 avenue Carlier', '75895', '2009-04-19', '293bc7f219de9b63f115bd2bb61ead51049a833b', 'Vasseur.B@club-internet.fr', '01 99 65 58 60'),
(132, 'Pineau-sur-Traore-la-Forêt', 'Faure', 'Gabrielle', '66960974 rue de Roy', '27389', '1997-04-24', '0841f75426b828241f71a808c005f7c3d44550cc', 'Faure.G@tele2.fr', '+33 6 32 06 42 57'),
(133, 'Pages', 'Poirier', 'Chantal', '602314 place Antoine', '75798', '1970-07-10', 'de2cd4e9279e04e1cf761f57735a26ed186ffbbd', 'Poirier.C@tele2.fr', '0453046157'),
(134, 'Labbe-la-Forêt', 'Maurice', 'Astrid', '899641 rue Auguste Louis', '00075', '1973-10-20', 'e63a180f3843058836329a5f2e7f1bcc972905e1', 'Maurice.A@noos.fr', '+33 (0)3 10 07 82 25'),
(135, 'Bousquet-la-Forêt', 'Briand', 'Éléonore', '9413 rue de Faivre', '96 180', '1972-04-29', '5c51b54de7554abc8db75c36b35428e118d6f19c', 'Briand.?@club-internet.fr', '08 92 12 45 39'),
(136, 'Rousset', 'Chartier', 'Geneviève', '805901301 rue de Auger', '52 212', '1975-09-29', '4a45336795f896444cf5d519150edd3bce884345', 'Chartier.G@gmail.com', '+33 (0)1 81 42 20 56'),
(137, 'Brun', 'Moreau', 'Alexandria', '54 place Gilbert Delattre', '79628', '2005-02-12', '3385b85bc812c19947aa4ba9e15ce72472e94190', 'Moreau.A@wanadoo.fr', '0750224097'),
(138, 'Monnier', 'Legrand', 'Gabriel', '45013301 avenue de Jacques', '16 654', '1984-10-28', 'ecbd14604979d348952682cf7ff6f4e1530612a4', 'Legrand.G@dbmail.com', '04 93 08 41 55'),
(139, 'Nguyen', 'Blot', 'Jeannine', '61844589 avenue Marques', '98253', '2003-10-09', '0b5552d91e938490d3b5913198898221988a4159', 'Blot.J@orange.fr', '+33 (0)1 09 42 95 01'),
(140, 'Merle', 'Guichard', 'Patrick', '94522733 rue Besnard', '61 978', '2009-08-21', '93280203e0b14377dba631ba53599e1d82c30b36', 'Guichard.P@live.com', '+33 4 75 20 90 17'),
(141, 'Colin-sur-Mer', 'Brun', 'Susan', '6033794 rue Claudine Blondel', '04 878', '2010-11-29', '10c90bb71f217d2b0353782da28778bcb9d26785', 'Brun.S@club-internet.fr', '0359841604'),
(142, 'Jacob-la-Forêt', 'Benoit', 'Henriette', '790483 avenue de Marin', '39 148', '2015-03-06', '1bad04a9639e860945083b7bf2ee970391b03833', 'Benoit.H@voila.fr', '+33 (0)1 34 23 00 66'),
(143, 'Morin', 'Camus', 'Marc', '298744943 rue Margaux Fernandez', '51 271', '1985-05-10', '160b0a9d15a3816f23a432862c0e0cbe21289dba', 'Camus.M@sfr.fr', '+33 8 99 57 86 44'),
(144, 'Benoit-sur-Mer', 'Fontaine', 'Isaac', '1959262 rue de Dupuis', '76681', '2006-11-10', '07a8ad5a4f66578f87fe991bddf566e93d8b1d38', 'Fontaine.I@wanadoo.fr', '+33 (0)7 58 37 17 97'),
(145, 'Petitjean', 'Bernard', 'Jacqueline', '57373 chemin de Henry', '28414', '1996-06-24', '6cdab3c2fac9ca758de060eae26929d55c2df018', 'Bernard.J@yahoo.fr', '01 76 84 88 32'),
(146, 'Mendes-les-Bains', 'Ramos', 'Colette', '782 avenue Corinne Hubert', '18 538', '2015-12-27', '2331ee7b1bb5517e329b7b005131895b494d0a5f', 'Ramos.C@club-internet.fr', '04 09 48 26 97'),
(147, 'Lecomte', 'Moreau', 'Anaïs', '91684401 chemin Marc Dupre', '68494', '1980-09-07', '3385b85bc812c19947aa4ba9e15ce72472e94190', 'Moreau.A@hotmail.fr', '06 60 76 22 40'),
(148, 'Toussaint', 'Normand', 'Hugues', '3735325 chemin de Olivier', '06 736', '2013-12-08', 'cbe5024b0cfaf8aec884674a533c71963dffbe17', 'Normand.H@gmail.com', '0969302556'),
(149, 'Dias-sur-Brun', 'Camus', 'Alex', '530802504 rue Morvan', '83 709', '2012-09-21', '160b0a9d15a3816f23a432862c0e0cbe21289dba', 'Camus.A@tiscali.fr', '+33 2 37 10 48 08'),
(150, 'Huet-sur-Maury', 'Grenier', 'Isaac', '6 boulevard Julien Hardy', '82068', '2008-06-14', '1f68892517bde4c7adb46c7c74ccc893936d58df', 'Grenier.I@tiscali.fr', '+33 7 31 22 72 77'),
(151, 'Pineau', 'Laroche', 'Denise', '6396 chemin Henriette Gilbert', '72 209', '1984-06-02', '7aaf9df3d4cb92a9ec623fd91a6b983164927be6', 'Laroche.D@laposte.net', '+33 1 95 11 89 00'),
(152, 'Noel', 'Payet', 'Claude', '613086 boulevard de Mendes', '00 645', '1990-10-21', '14e53a5638702a962ff052b344864f6022878808', 'Payet.C@bouygtel.fr', '0596347947'),
(153, 'Masse-les-Bains', 'Huet', 'Henri', '56417 rue Vincent Guillet', '77 825', '1972-07-20', '8365333ce4eeab08334ab95070f6baefe07ed220', 'Huet.H@tele2.fr', '+33 (0)5 51 80 17 51'),
(154, 'Schmitt-les-Bains', 'Gregoire', 'Sébastien', '987838319 rue Christine Gomes', '84916', '1982-08-09', '10d214c11c8368ff60c12ee284181169efa8745d', 'Gregoire.S@sfr.fr', '+33 (0)2 51 32 25 85'),
(155, 'Fernandez-la-Forêt', 'Garnier', 'Alice', '894169729 boulevard de Lagarde', '24271', '1978-01-28', 'e87110b6b72fbb7125e55c1b5a0d3d2beb83d3ff', 'Garnier.A@voila.fr', '+33 (0)1 58 32 21 83'),
(156, 'Le Gall', 'Deschamps', 'Élisabeth', '9 chemin Leroux', '51396', '2007-04-09', '62970eae97e69e39dc771482915000c1f66e39fc', 'Deschamps.?@tele2.fr', '+33 5 02 34 49 78'),
(157, 'Gerard-sur-Mer', 'Fournier', 'Édouard', '59161701 impasse Le Gall', '50854', '1973-05-13', '223224fcfb2889aa3efc352c1e9cd019e4b3d39d', 'Fournier.?@bouygtel.fr', '05 76 84 86 14'),
(158, 'Moulin', 'Pascal', 'Sabine', '798331031 impasse Perez', '97 190', '2003-01-07', '2fa3f1198e0f5dc0a3dc8d5650e6575859de3a79', 'Pascal.S@tiscali.fr', '+33 9 03 39 85 97'),
(159, 'Vallet-les-Bains', 'Bodin', 'Agnès', '208 place de Andre', '65 947', '2009-06-04', '199257868810433f21e0106ee2d6d868e53826e2', 'Bodin.A@noos.fr', '01 17 63 80 67'),
(160, 'Boulay-la-Forêt', 'Roger', 'Luce', '6511691 rue Rousset', '74 730', '1980-10-03', '64608cdd378ba9d1aa339024b1f5c632d473937c', 'Roger.L@sfr.fr', '+33 2 34 21 74 92'),
(161, 'Hardy-sur-Lenoir', 'Guilbert', 'Paul', '12896 rue Claire Aubry', '59 660', '1987-06-30', '7269c0a9553e587c24c7e905732ef7eace257511', 'Guilbert.P@laposte.net', '+33 3 19 87 61 36'),
(162, 'Durand', 'Fernandez', 'Patricia', '37 impasse de Antoine', '22691', '2009-04-25', '10a4a9efe6149f7ce4fb355dbb4c86703b89ca48', 'Fernandez.P@free.fr', '+33 (0)1 17 46 30 54'),
(163, 'Bourdon', 'Martinez', 'Richard', '403103283 rue de Le Roux', '99 250', '1976-01-26', '5a6866cbabc21078f3805542aa35db664f547780', 'Martinez.R@club-internet.fr', '0143649288'),
(164, 'Etienne', 'Mendes', 'Camille', '7373647 boulevard de Petit', '28 657', '1990-07-28', '79f2883098ee5b572431bab0e1e2f6e2a1a842d4', 'Mendes.C@club-internet.fr', '+33 (0)3 16 18 09 85'),
(165, 'Boyer', 'Nguyen', 'Charlotte', '50 chemin Leveque', '21395', '1999-11-30', '7b62e6939ff1b9c8af4b6d9f78d459fb6c69d4d3', 'Nguyen.C@free.fr', '+33 7 55 60 02 90'),
(166, 'Marchand', 'Auger', 'Lucie', '4059 impasse André Delmas', '91688', '2008-07-17', 'b76f70377165686f1d00b90268f42c885d42d5d7', 'Auger.L@tele2.fr', '+33 (0)4 85 61 19 80'),
(167, 'Chauveau', 'Traore', 'Yves', '474846 rue Christine Jean', '33912', '2018-09-13', 'a87dcf5a7febcdd68d163838f914f79fb125c30b', 'Traore.Y@hotmail.fr', '+33 3 14 53 33 26'),
(168, 'Hoareau-sur-Guillaume', 'Duhamel', 'Théodore', '722343 chemin Nicolas', '82 115', '1998-04-04', 'cf35b287427f21393cc69696d7270fc6ad5e3252', 'Duhamel.T@ifrance.com', '+33 (0)5 96 25 98 18'),
(169, 'Laine-sur-Mer', 'Bertrand', 'Xavier', '773 rue Paul Roche', '23 832', '1983-03-15', '4c85efae014b30f747e0e04b32f1a9c69615279d', 'Bertrand.X@voila.fr', '+33 1 15 18 55 69'),
(170, 'Denis', 'Gosselin', 'Tristan', '9351182 chemin Bernard Legendre', '00 356', '1995-09-13', 'e9a93f79dfafb6cfbdfe52a4ba7e1e458bf02a6f', 'Gosselin.T@bouygtel.fr', '0113156591'),
(171, 'Benoit-sur-Mer', 'Voisin', 'Clémence', '1749214 boulevard Christiane Blin', '42 552', '2010-11-09', '7cc5b294c3ff4b6f02496835bae46daba4897bdd', 'Voisin.C@tele2.fr', '0214365611'),
(172, 'Coulon-la-Forêt', 'Rossi', 'Anouk', '476061 rue Leclerc', '67 127', '1988-02-03', '6e18ed657ca4467947079e5de81d10e71c2a855f', 'Rossi.A@club-internet.fr', '+33 (0)3 92 36 21 81'),
(173, 'Ferreira-sur-Verdier', 'Ribeiro', 'Jean', '181382 rue de Roger', '25 432', '1977-07-04', '542c32a854018f4ca8c81cfb31bfb0897337c45c', 'Ribeiro.J@wanadoo.fr', '07 77 89 81 28'),
(174, 'Fernandes', 'Lemonnier', 'Corinne', '619255 place de Rodriguez', '49247', '1975-12-12', '3a470d9db534d1a43664110bd16f9f1efab9e37d', 'Lemonnier.C@hotmail.fr', '+33 3 17 84 21 95'),
(175, 'Olivier-la-Forêt', 'Blot', 'Aimée', '7 impasse de Ruiz', '06870', '1971-09-04', '0b5552d91e938490d3b5913198898221988a4159', 'Blot.A@tele2.fr', '05 99 82 89 22'),
(176, 'Delahaye', 'Richard', 'Océane', '14 place Adélaïde Rousset', '27 753', '2011-05-14', '025da93055b781d95df7c1fc93e0cb59be8f4004', 'Richard.O@wanadoo.fr', '+33 (0)8 21 65 80 05'),
(177, 'Hoareau-la-Forêt-la-Forêt', 'Munoz', 'Julien', '8245 place Paris', '88 256', '1971-11-30', '40e8fe930c92b85719d9194c197d483a4f90dd48', 'Munoz.J@bouygtel.fr', '+33 (0)4 57 78 77 45'),
(178, 'Michaud', 'Leclercq', 'Thibaut', '7 chemin Leger', '31 466', '1970-01-11', 'fa3106519f8712de9a1fb64c4322c30dc56f431e', 'Leclercq.T@noos.fr', '04 57 30 14 96'),
(179, 'Roche-sur-Mer', 'Fernandez', 'Manon', '3828 place Thierry Cousin', '05297', '1988-11-10', '10a4a9efe6149f7ce4fb355dbb4c86703b89ca48', 'Fernandez.M@bouygtel.fr', '+33 (0)1 19 69 43 82'),
(180, 'Bazin-la-Forêt', 'Hoareau', 'Éléonore', '14080 rue Sylvie Couturier', '78203', '1996-11-04', '58712e4b474b05c309ae3b2498fdfe3aceb4a0b1', 'Hoareau.?@free.fr', '+33 5 37 13 29 91'),
(181, 'Nicolas', 'Coste', 'François', '21458 avenue Morin', '94 612', '2003-07-30', 'ae3ddd45aaa6bebaa1f8a6f52e942888e47b61f2', 'Coste.F@laposte.net', '+33 (0)4 77 46 81 89'),
(182, 'Gomes', 'Bouvier', 'Louis', '476566513 chemin de Letellier', '90225', '1978-10-20', 'fbfd500f8faec81a940fb144d1177e14e4a3eda6', 'Bouvier.L@tiscali.fr', '01 57 90 93 99'),
(183, 'Roussel', 'Michaud', 'Honoré', '92560 rue de Delmas', '20 292', '1976-03-07', '6feb19581ca90e805f0a90c1e7f51fb638710696', 'Michaud.H@dbmail.com', '+33 (0)8 97 75 87 72'),
(184, 'Faivre', 'Giraud', 'Augustin', '4346730 avenue Mace', '67448', '1996-04-21', '104100a783c3d0b9d051b18472fc0cf66e70ee6b', 'Giraud.A@live.com', '+33 3 63 58 59 52'),
(185, 'Arnaud', 'Marques', 'Thomas', '42036662 boulevard Jacques Gallet', '06 584', '2003-01-09', '781590bff7c7b58c34a03124dbd912182d565a47', 'Marques.T@sfr.fr', '09 18 75 54 22'),
(186, 'Vasseur-sur-David', 'Gautier', 'Suzanne', '7775 rue de Lefevre', '69677', '1984-03-15', 'e497224c328374ac01b07823ff17cf63ea22bc5f', 'Gautier.S@free.fr', '+33 4 52 97 04 94'),
(187, 'Pruvost-sur-Mer', 'Poirier', 'Jean', '80 place Jacques', '12975', '1995-09-16', 'de2cd4e9279e04e1cf761f57735a26ed186ffbbd', 'Poirier.J@orange.fr', '+33 (0)6 54 99 74 06'),
(188, 'Wagner', 'Prevost', 'Michèle', '9156131 rue de Descamps', '17 811', '1970-01-09', '939011959697ed3ab5696c389e9ebe351ae0ab4b', 'Prevost.M@club-internet.fr', '0335409788'),
(189, 'Fischer-la-Forêt', 'Henry', 'Mathilde', '37 place de Leduc', '46 986', '1979-05-18', 'b30af7bc4fa56ed650af64a112080454fdfeda8a', 'Henry.M@hotmail.fr', '+33 8 22 94 37 98'),
(190, 'Bailly', 'Barbe', 'Augustin', '758 chemin Carpentier', '76028', '1974-09-08', '21d34d030eb0c5e3a71dc10401615e63fbf40412', 'Barbe.A@tiscali.fr', '+33 2 46 36 00 33'),
(191, 'Lesage-sur-Guichard', 'Gauthier', 'Christelle', '303736270 avenue Théodore Dumas', '11285', '2015-12-29', '2288fc73f75419e97ce6a50b4eceb9e849ab5922', 'Gauthier.C@yahoo.fr', '09 79 26 72 26'),
(192, 'Blanc', 'Lemoine', 'Anastasie', '264 rue de Allain', '68802', '1991-01-15', '22fc7cfe5300931b01fc256dbe1a276c5a884007', 'Lemoine.A@wanadoo.fr', '+33 (0)7 46 83 95 35'),
(193, 'Martins', 'Lelievre', 'Juliette', '86 place de Neveu', '79897', '2007-03-30', '2bf5ea8c355a197ea9b4c2d6d322c1bf19278d61', 'Lelievre.J@tiscali.fr', '0411410325'),
(194, 'Hubert', 'Hoareau', 'Émilie', '66 boulevard Élise Hamon', '43168', '1979-01-08', '58712e4b474b05c309ae3b2498fdfe3aceb4a0b1', 'Hoareau.?@bouygtel.fr', '01 56 90 97 56'),
(195, 'Lambert-la-Forêt', 'Guillet', 'Alfred', '9837421 place Alexandria Gaudin', '67 796', '1990-10-18', 'ee36fe72f8a9ab4bd5512c7bcc582c03abb65ec4', 'Guillet.A@laposte.net', '+33 4 83 65 85 37'),
(196, 'Charles-sur-Gomez', 'Bonnet', 'Cécile', '347 impasse Aurélie Lebrun', '66414', '2011-11-22', 'f6f2e622538edf9f6ffee874032af0b617c59a03', 'Bonnet.C@voila.fr', '+33 1 35 01 02 98'),
(197, 'Carlier-sur-Mer', 'Giraud', 'Andrée', '36767 place Lucas Leger', '99429', '1990-03-02', '104100a783c3d0b9d051b18472fc0cf66e70ee6b', 'Giraud.A@hotmail.fr', '0425440679'),
(198, 'Rossi', 'Petitjean', 'Dorothée', '86713896 place de Salmon', '65266', '1988-02-29', '973d13dc3c06ba73513825751cae89c17612a6ab', 'Petitjean.D@bouygtel.fr', '+33 (0)1 41 96 49 70'),
(199, 'Rocher', 'Vaillant', 'Françoise', '174533 place Jeannine Lecoq', '64 383', '1997-05-13', '4ea026b26fa38b78081b24640193a9afe72a1e0c', 'Vaillant.F@wanadoo.fr', '+33 3 17 79 48 69'),
(200, 'Mace-la-Forêt', 'Normand', 'Nicole', '10376944 avenue Alves', '46 090', '2006-10-21', 'cbe5024b0cfaf8aec884674a533c71963dffbe17', 'Normand.N@wanadoo.fr', '+33 4 41 67 75 40');

-- --------------------------------------------------------

--
-- Table structure for table `enterexit`
--

CREATE TABLE `enterexit` (
  `id` int(11) UNSIGNED NOT NULL,
  `hiring_date` datetime DEFAULT NULL,
  `employee_id` int(11) UNSIGNED DEFAULT NULL,
  `post_id_id` int(11) UNSIGNED DEFAULT NULL
) ENGINE=InnoDB DEFAULT CHARSET=utf8mb4 COLLATE=utf8mb4_unicode_ci;

--
-- Dumping data for table `enterexit`
--

INSERT INTO `enterexit` (`id`, `hiring_date`, `employee_id`, `post_id_id`) VALUES
(1, '1982-08-28 13:50:41', 1, 1),
(2, '1983-07-19 17:38:30', 2, 2),
(3, '1970-09-19 04:45:46', 3, 3),
(4, '2005-01-02 04:57:44', 4, 4),
(5, '1973-12-25 18:43:36', 5, 5),
(6, '1982-11-18 10:59:04', 6, 6),
(7, '2018-04-18 11:49:52', 7, 7),
(8, '1972-03-24 23:31:42', 8, 8),
(9, '1993-08-02 15:02:47', 9, 9),
(10, '1999-09-12 07:41:45', 10, 10),
(11, '2013-12-16 19:43:52', 11, 11),
(12, '2002-09-30 16:49:06', 12, 12),
(13, '2004-11-27 00:51:15', 13, 13),
(14, '1976-10-01 00:57:14', 14, 14),
(15, '1984-11-16 08:33:18', 15, 15),
(16, '1983-01-25 00:29:45', 16, 16),
(17, '2002-11-21 12:29:44', 17, 17),
(18, '2000-10-25 22:38:14', 18, 18),
(19, '1990-09-04 23:16:42', 19, 19),
(20, '2012-05-11 02:18:53', 20, 20),
(21, '2004-01-14 10:00:26', 21, 21),
(22, '2016-05-20 11:32:03', 22, 22),
(23, '1991-07-25 02:12:54', 23, 23),
(24, '1980-03-17 13:30:17', 24, 24),
(25, '1981-04-12 13:39:24', 25, 25),
(26, '1980-09-18 10:30:11', 26, 26),
(27, '1999-02-24 00:46:39', 27, 27),
(28, '1986-08-10 05:32:29', 28, 28),
(29, '1994-04-28 13:39:17', 29, 29),
(30, '1973-02-11 07:43:57', 30, 30),
(31, '1993-02-24 11:03:52', 31, 31),
(32, '2016-04-16 21:49:48', 32, 32),
(33, '2005-05-03 07:21:53', 33, 33),
(34, '2006-07-05 11:10:40', 34, 34),
(35, '1985-09-03 21:13:19', 35, 35),
(36, '1991-06-22 05:19:48', 36, 36),
(37, '1975-01-24 09:17:43', 37, 37),
(38, '2010-07-18 13:08:21', 38, 38),
(39, '1974-12-19 10:03:12', 39, 39),
(40, '1988-03-07 13:26:05', 40, 40),
(41, '1993-11-26 17:33:04', 41, 41),
(42, '1993-07-09 18:52:35', 42, 42),
(43, '2018-03-17 22:36:09', 43, 43),
(44, '1981-05-22 18:17:57', 44, 44),
(45, '1977-12-23 21:39:06', 45, 45),
(46, '1973-04-29 07:54:33', 46, 46),
(47, '2006-10-20 14:25:29', 47, 47),
(48, '1977-11-14 20:11:09', 48, 48),
(49, '1984-11-07 00:13:00', 49, 49),
(50, '2014-10-11 19:41:35', 50, 50),
(51, '1985-08-03 12:56:34', 51, 51),
(52, '2016-07-22 15:17:08', 52, 52),
(53, '2001-10-24 04:29:54', 53, 53),
(54, '2009-02-07 12:09:20', 54, 54),
(55, '1993-03-17 19:33:44', 55, 55),
(56, '1974-09-16 04:21:35', 56, 56),
(57, '2005-04-18 10:16:43', 57, 57),
(58, '1991-04-24 10:06:17', 58, 58),
(59, '1985-01-15 21:13:54', 59, 59),
(60, '1988-06-25 08:21:04', 60, 60),
(61, '1996-07-29 04:05:30', 61, 61),
(62, '2009-05-16 08:42:38', 62, 62),
(63, '1992-07-21 06:49:06', 63, 63),
(64, '1973-10-17 09:34:07', 64, 64),
(65, '1978-03-28 21:53:10', 65, 65),
(66, '1998-05-21 06:45:58', 66, 66),
(67, '2004-04-03 08:48:41', 67, 67),
(68, '1976-01-23 02:07:02', 68, 68),
(69, '1985-02-18 03:51:36', 69, 69),
(70, '2003-03-11 21:41:50', 70, 70),
(71, '2005-02-21 18:56:57', 71, 71),
(72, '1993-10-09 15:17:52', 72, 72),
(73, '1983-01-13 19:28:21', 73, 73),
(74, '2008-12-24 16:01:30', 74, 74),
(75, '1994-03-10 10:38:20', 75, 75),
(76, '1970-03-01 15:55:05', 76, 76),
(77, '1975-04-03 21:41:33', 77, 77),
(78, '1997-01-01 08:55:41', 78, 78),
(79, '2013-08-12 04:09:07', 79, 79),
(80, '2010-07-29 01:48:07', 80, 80),
(81, '1977-08-19 17:35:25', 81, 81),
(82, '2004-11-17 05:53:39', 82, 82),
(83, '2005-05-12 14:50:02', 83, 83),
(84, '1987-07-05 21:26:20', 84, 84),
(85, '1989-06-25 05:46:45', 85, 85),
(86, '1998-02-07 11:59:06', 86, 86),
(87, '1982-01-02 08:37:44', 87, 87),
(88, '1971-01-21 13:36:25', 88, 88),
(89, '2014-10-27 15:09:32', 89, 89),
(90, '1973-09-26 00:18:52', 90, 90),
(91, '1998-12-24 21:35:21', 91, 91),
(92, '2010-12-24 18:08:28', 92, 92),
(93, '2013-08-20 17:59:53', 93, 93),
(94, '2016-12-06 12:58:06', 94, 94),
(95, '2016-07-02 21:13:29', 95, 95),
(96, '1970-11-21 02:18:37', 96, 96),
(97, '2016-01-06 08:16:22', 97, 97),
(98, '1975-09-01 01:35:46', 98, 98),
(99, '1977-04-10 04:00:48', 99, 99),
(100, '2015-08-26 12:41:05', 100, 100),
(101, '1995-08-19 00:30:27', 101, 101),
(102, '1980-12-06 11:05:42', 102, 102),
(103, '1986-06-14 04:15:57', 103, 103),
(104, '1984-10-17 04:40:44', 104, 104),
(105, '2017-04-27 01:42:02', 105, 105),
(106, '1995-11-12 08:35:48', 106, 106),
(107, '1984-09-14 09:44:48', 107, 107),
(108, '1992-01-25 23:03:42', 108, 108),
(109, '2003-06-13 21:57:17', 109, 109),
(110, '1978-01-25 07:17:43', 110, 110),
(111, '1988-04-14 00:05:50', 111, 111),
(112, '1971-10-10 14:00:00', 112, 112),
(113, '1991-07-01 14:25:41', 113, 113),
(114, '2009-12-28 16:18:37', 114, 114),
(115, '2001-09-02 12:11:51', 115, 115),
(116, '2006-01-22 15:28:16', 116, 116),
(117, '2018-10-17 15:57:46', 117, 117),
(118, '1972-10-04 07:59:53', 118, 118),
(119, '1984-06-11 06:09:52', 119, 119),
(120, '1978-03-31 15:10:38', 120, 120),
(121, '2018-03-29 09:01:41', 121, 121),
(122, '2006-01-11 18:59:59', 122, 122),
(123, '1998-09-07 09:41:10', 123, 123),
(124, '1987-01-28 12:09:22', 124, 124),
(125, '2005-07-03 02:13:43', 125, 125),
(126, '2018-08-27 12:36:46', 126, 126),
(127, '1998-02-01 19:18:51', 127, 127),
(128, '2016-09-04 03:40:14', 128, 128),
(129, '1998-09-22 16:44:47', 129, 129),
(130, '1987-05-13 00:12:39', 130, 130),
(131, '1974-03-02 17:44:54', 131, 131),
(132, '1980-01-21 08:15:17', 132, 132),
(133, '2013-04-16 16:19:57', 133, 133),
(134, '1989-05-07 13:54:34', 134, 134),
(135, '1992-08-05 02:12:28', 135, 135),
(136, '1998-05-27 18:53:04', 136, 136),
(137, '1972-09-16 23:21:48', 137, 137),
(138, '2016-10-01 09:25:02', 138, 138),
(139, '2000-04-25 11:47:15', 139, 139),
(140, '2012-01-17 22:01:33', 140, 140),
(141, '1980-12-16 07:01:54', 141, 141),
(142, '1988-09-27 03:48:31', 142, 142),
(143, '2010-01-25 10:36:37', 143, 143),
(144, '2013-06-02 00:33:49', 144, 144),
(145, '2012-08-04 23:27:06', 145, 145),
(146, '2012-05-02 04:31:59', 146, 146),
(147, '1974-12-01 05:07:41', 147, 147),
(148, '1997-02-13 17:35:13', 148, 148),
(149, '1996-01-10 16:48:10', 149, 149),
(150, '2003-03-16 17:38:37', 150, 150),
(151, '1986-03-01 05:31:56', 151, 151),
(152, '2010-10-31 15:07:44', 152, 152),
(153, '1987-06-21 17:13:43', 153, 153),
(154, '1975-12-18 09:58:41', 154, 154),
(155, '2005-10-09 07:38:49', 155, 155),
(156, '1976-11-06 11:23:20', 156, 156),
(157, '2008-10-15 22:22:50', 157, 157),
(158, '2010-05-29 16:13:27', 158, 158),
(159, '1972-04-08 12:59:52', 159, 159),
(160, '1997-03-24 15:10:25', 160, 160),
(161, '1991-03-31 05:49:46', 161, 161),
(162, '1972-02-12 16:34:37', 162, 162),
(163, '1987-09-21 07:00:46', 163, 163),
(164, '1989-09-26 04:18:35', 164, 164),
(165, '1970-02-10 17:38:32', 165, 165),
(166, '1977-05-04 08:30:55', 166, 166),
(167, '1988-07-24 23:26:57', 167, 167),
(168, '2018-02-10 16:35:15', 168, 168),
(169, '2003-05-31 05:32:35', 169, 169),
(170, '1997-06-03 03:41:17', 170, 170),
(171, '1984-11-15 12:40:45', 171, 171),
(172, '1997-04-09 21:25:48', 172, 172),
(173, '1990-08-03 10:24:59', 173, 173),
(174, '1982-08-29 05:10:40', 174, 174),
(175, '1990-08-29 02:28:42', 175, 175),
(176, '1993-10-08 05:57:22', 176, 176),
(177, '1982-06-25 19:44:20', 177, 177),
(178, '2015-11-02 06:58:39', 178, 178),
(179, '1991-02-17 01:25:50', 179, 179),
(180, '2016-12-02 13:32:43', 180, 180),
(181, '2000-06-15 23:24:17', 181, 181),
(182, '1978-03-14 11:54:17', 182, 182),
(183, '1980-10-31 01:52:13', 183, 183),
(184, '1982-08-16 13:49:42', 184, 184),
(185, '2005-03-03 19:42:30', 185, 185),
(186, '2006-06-18 06:35:38', 186, 186),
(187, '2008-10-19 09:09:14', 187, 187),
(188, '1986-10-27 09:38:38', 188, 188),
(189, '1989-01-03 07:48:26', 189, 189),
(190, '1972-05-06 19:27:18', 190, 190),
(191, '2005-10-19 20:59:41', 191, 191),
(192, '1988-07-05 13:39:12', 192, 192),
(193, '2006-08-11 08:20:10', 193, 193),
(194, '2017-12-02 23:13:25', 194, 194),
(195, '1993-03-24 07:49:21', 195, 195),
(196, '1976-02-08 10:39:26', 196, 196),
(197, '1993-06-21 11:43:44', 197, 197),
(198, '2010-03-31 21:00:07', 198, 198),
(199, '1975-01-25 12:06:15', 199, 199),
(200, '1983-03-19 07:41:58', 200, 200);

-- --------------------------------------------------------

--
-- Table structure for table `formation`
--

CREATE TABLE `formation` (
  `id` int(11) UNSIGNED NOT NULL,
  `formation_libelle` varchar(191) COLLATE utf8mb4_unicode_ci DEFAULT NULL,
  `date` date DEFAULT NULL
) ENGINE=InnoDB DEFAULT CHARSET=utf8mb4 COLLATE=utf8mb4_unicode_ci;

--
-- Dumping data for table `formation`
--

INSERT INTO `formation` (`id`, `formation_libelle`, `date`) VALUES
(1, 'Slim Framework', '1980-11-26'),
(2, 'PhpStorm', '2005-06-08'),
(3, 'jQuery', '1992-06-13'),
(4, 'GitHub', '2007-06-12'),
(5, 'Moodle', '1997-07-18'),
(6, 'Atom', '2002-08-10'),
(7, 'Java', '2012-05-25'),
(8, 'RedBeanPHP', '1987-03-07'),
(9, 'PHP', '1980-01-05'),
(10, 'Slim Framework', '2008-04-19'),
(11, 'RedBeanPHP', '2015-09-23'),
(12, 'RedBeanPHP', '1983-07-03'),
(13, 'GitHub', '2010-09-11'),
(14, 'Pachagiste', '2001-04-29'),
(15, 'PhpStorm', '2000-02-21'),
(16, 'Slim Framework', '2015-01-19'),
(17, 'Java', '2003-05-21'),
(18, 'jQuery', '2000-06-23'),
(19, 'jQuery', '1981-01-12'),
(20, 'AngularJS', '1978-09-05'),
(21, 'Slim Framework', '1971-03-14'),
(22, 'Moodle', '1973-10-21'),
(23, 'AngularJS', '1972-10-06'),
(24, 'Pachagiste', '2003-08-31'),
(25, 'RedBeanPHP', '2002-06-03'),
(26, 'AngularJS', '1981-04-02'),
(27, 'Atom', '2014-02-12'),
(28, 'Pachagiste', '1982-03-04'),
(29, 'GitHub', '2008-03-23'),
(30, 'Java', '1987-11-04'),
(31, 'Atom', '1999-06-09'),
(32, 'Slim Framework', '2000-10-04'),
(33, 'Java', '2008-03-26'),
(34, 'RedBeanPHP', '1985-03-28'),
(35, 'Pachagiste', '1977-03-29'),
(36, 'C#', '1972-12-02'),
(37, 'Slim Framework', '1986-01-24'),
(38, 'Moodle', '2000-03-08'),
(39, 'Java', '1999-01-08'),
(40, 'C#', '1997-03-24'),
(41, 'jQuery', '2015-05-25'),
(42, 'jQuery', '1992-03-02'),
(43, 'Moodle', '1984-04-20'),
(44, 'RedBeanPHP', '1984-05-20'),
(45, 'AngularJS', '2015-05-01'),
(46, 'Pachagiste', '1974-02-01'),
(47, 'jQuery', '1980-09-16'),
(48, 'Java', '2015-11-29'),
(49, 'C#', '1978-02-12'),
(50, 'jQuery', '1996-06-24'),
(51, 'PHP', '1985-12-27'),
(52, 'PHP', '1971-10-26'),
(53, 'GitHub', '2005-12-04'),
(54, 'C#', '2009-04-04'),
(55, 'GitHub', '1978-10-14'),
(56, 'jQuery', '1974-08-17'),
(57, 'Java', '1973-02-05'),
(58, 'Atom', '1975-03-11'),
(59, 'AngularJS', '2010-06-13'),
(60, 'Slim Framework', '2005-09-08'),
(61, 'PhpStorm', '2017-10-09'),
(62, 'C#', '1980-08-04'),
(63, 'Moodle', '2011-11-04'),
(64, 'Slim Framework', '1989-10-08'),
(65, 'RedBeanPHP', '1991-05-13'),
(66, 'Slim Framework', '2004-11-30'),
(67, 'AngularJS', '1992-11-24'),
(68, 'Java', '1980-05-03'),
(69, 'Pachagiste', '1986-12-17'),
(70, 'Slim Framework', '2016-02-28'),
(71, 'Moodle', '1987-01-19'),
(72, 'RedBeanPHP', '1998-01-07'),
(73, 'GitHub', '1982-05-20'),
(74, 'jQuery', '2011-07-27'),
(75, 'Java', '1977-11-10'),
(76, 'PHP', '1993-01-09'),
(77, 'Pachagiste', '1979-01-12'),
(78, 'GitHub', '1996-04-04'),
(79, 'Pachagiste', '1979-03-17'),
(80, 'Java', '1995-05-17'),
(81, 'AngularJS', '1975-08-23'),
(82, 'Java', '2013-11-06'),
(83, 'Java', '2007-09-26'),
(84, 'PhpStorm', '2005-05-03'),
(85, 'C#', '2010-12-25'),
(86, 'PHP', '1989-09-18'),
(87, 'Atom', '1990-04-23'),
(88, 'PHP', '1977-07-02'),
(89, 'jQuery', '2003-10-09'),
(90, 'Atom', '1982-09-30'),
(91, 'RedBeanPHP', '2015-11-02'),
(92, 'Atom', '1999-11-01'),
(93, 'Pachagiste', '1975-01-14'),
(94, 'AngularJS', '2015-04-11'),
(95, 'C#', '2014-01-26'),
(96, 'Pachagiste', '2009-09-09'),
(97, 'C#', '2018-05-21'),
(98, 'jQuery', '1977-06-27'),
(99, 'PHP', '2013-06-15'),
(100, 'PhpStorm', '1979-09-27'),
(101, 'RedBeanPHP', '2004-02-16'),
(102, 'Slim Framework', '1974-08-08'),
(103, 'Slim Framework', '2017-10-04'),
(104, 'RedBeanPHP', '2002-08-04'),
(105, 'PHP', '1997-02-22'),
(106, 'Slim Framework', '2009-03-04'),
(107, 'C#', '2003-09-12'),
(108, 'PHP', '1998-07-07'),
(109, 'AngularJS', '1997-09-05'),
(110, 'AngularJS', '1970-01-24'),
(111, 'AngularJS', '1989-07-02'),
(112, 'AngularJS', '1989-07-04'),
(113, 'Slim Framework', '1971-05-31'),
(114, 'jQuery', '1986-06-02'),
(115, 'jQuery', '1978-02-26'),
(116, 'PhpStorm', '2010-01-07'),
(117, 'GitHub', '2010-04-11'),
(118, 'PHP', '2000-07-12'),
(119, 'PhpStorm', '1980-04-23'),
(120, 'Java', '2010-12-29'),
(121, 'Atom', '1991-06-01'),
(122, 'Moodle', '2012-11-30'),
(123, 'Java', '2010-08-28'),
(124, 'Moodle', '1978-02-07'),
(125, 'PHP', '1990-11-30'),
(126, 'Moodle', '1988-11-12'),
(127, 'GitHub', '2011-09-09'),
(128, 'PHP', '1978-12-06'),
(129, 'Java', '2011-04-23'),
(130, 'PHP', '1994-10-09'),
(131, 'RedBeanPHP', '1983-01-12'),
(132, 'PHP', '2010-08-11'),
(133, 'PhpStorm', '2011-12-16'),
(134, 'GitHub', '2006-11-18'),
(135, 'Java', '2013-07-16'),
(136, 'GitHub', '2000-05-14'),
(137, 'PHP', '1999-08-05'),
(138, 'Pachagiste', '2006-05-28'),
(139, 'Slim Framework', '2004-04-13'),
(140, 'AngularJS', '1976-04-06'),
(141, 'Atom', '2009-10-31'),
(142, 'jQuery', '1978-10-03'),
(143, 'Moodle', '2004-01-27'),
(144, 'Moodle', '2011-01-01'),
(145, 'RedBeanPHP', '2000-05-18'),
(146, 'PhpStorm', '1988-06-13'),
(147, 'AngularJS', '2013-12-21'),
(148, 'PhpStorm', '1980-08-13'),
(149, 'jQuery', '1974-04-18'),
(150, 'C#', '1971-03-25'),
(151, 'GitHub', '1973-06-10'),
(152, 'GitHub', '1988-08-04'),
(153, 'jQuery', '1999-11-02'),
(154, 'RedBeanPHP', '1983-03-04'),
(155, 'Pachagiste', '1978-06-08'),
(156, 'Pachagiste', '1979-04-20'),
(157, 'GitHub', '2014-03-13'),
(158, 'Atom', '2001-07-27'),
(159, 'Atom', '1999-12-28'),
(160, 'C#', '2012-02-15'),
(161, 'RedBeanPHP', '2008-11-28'),
(162, 'Moodle', '1981-10-28'),
(163, 'Moodle', '1995-02-25'),
(164, 'C#', '1990-08-31'),
(165, 'Atom', '2000-02-16'),
(166, 'jQuery', '2006-09-16'),
(167, 'jQuery', '1971-06-01'),
(168, 'PhpStorm', '2008-03-15'),
(169, 'Slim Framework', '1998-10-21'),
(170, 'Slim Framework', '1986-03-23'),
(171, 'jQuery', '2001-08-19'),
(172, 'Pachagiste', '1984-04-02'),
(173, 'Atom', '2015-09-22'),
(174, 'Slim Framework', '1992-11-17'),
(175, 'Moodle', '1980-04-07'),
(176, 'PHP', '1979-08-27'),
(177, 'jQuery', '1987-02-11'),
(178, 'GitHub', '1991-01-10'),
(179, 'Java', '2010-04-20'),
(180, 'PhpStorm', '2008-08-30'),
(181, 'GitHub', '2004-08-30'),
(182, 'GitHub', '2009-07-13'),
(183, 'Slim Framework', '1997-11-26'),
(184, 'Pachagiste', '2013-10-14'),
(185, 'C#', '2009-07-02'),
(186, 'RedBeanPHP', '2000-05-10'),
(187, 'GitHub', '1980-01-26'),
(188, 'Slim Framework', '1996-12-13'),
(189, 'C#', '2016-02-08'),
(191, 'Moodle', '2019-11-14'),
(192, 'C++', '2019-06-01'),
(193, NULL, NULL),
(194, 'PHP', '2019-10-16');

-- --------------------------------------------------------

--
-- Table structure for table `participate`
--

CREATE TABLE `participate` (
  `id` int(11) UNSIGNED NOT NULL,
  `employee_id` int(11) UNSIGNED DEFAULT NULL,
  `formation_id` int(11) UNSIGNED DEFAULT NULL
) ENGINE=InnoDB DEFAULT CHARSET=utf8mb4 COLLATE=utf8mb4_unicode_ci;

--
-- Dumping data for table `participate`
--

INSERT INTO `participate` (`id`, `employee_id`, `formation_id`) VALUES
(1, 3, 2),
(2, 5, 9),
(3, 8, 12),
(4, 8, 13),
(5, 19, 27),
(6, 22, 30),
(7, 26, 37),
(8, 37, 49),
(9, 39, 52),
(10, 46, 63),
(11, 46, 64),
(12, 49, 70),
(13, 77, 84),
(14, 91, 97),
(15, 105, 110),
(16, 105, 112),
(17, 105, 113),
(18, 106, 117),
(19, 108, 120),
(20, 122, 130),
(21, 122, 132),
(22, 122, 134),
(23, 123, 137),
(24, 124, 140),
(25, 126, 143),
(26, 127, 147),
(27, 131, 148),
(28, 134, 150),
(29, 148, 151),
(30, 155, 156),
(31, 166, 165),
(32, 194, 184),
(33, 198, 187),
(34, 2, 194);

-- --------------------------------------------------------

--
-- Table structure for table `post`
--

CREATE TABLE `post` (
  `id` int(11) UNSIGNED NOT NULL,
  `post_libelle` varchar(191) COLLATE utf8mb4_unicode_ci DEFAULT NULL,
  `mission` varchar(191) COLLATE utf8mb4_unicode_ci DEFAULT NULL,
  `career_id` int(11) UNSIGNED DEFAULT NULL
) ENGINE=InnoDB DEFAULT CHARSET=utf8mb4 COLLATE=utf8mb4_unicode_ci;

--
-- Dumping data for table `post`
--

INSERT INTO `post` (`id`, `post_libelle`, `mission`, `career_id`) VALUES
(1, 'Délégué Régional', 'Les instincts les plus.', 1),
(2, 'Practicien', 'Et il s\'éloigna. Charles.', 2),
(3, 'Délégué Régional', 'Bovary sur les fronts et.', 3),
(4, 'Practicien', 'Je n\'ai pas mis le mien.', 4),
(5, 'Délégué Régional', 'Annette! n\'oublie pas les.', 5),
(6, 'Visiteur Médical', 'Le jour commençait à.', 6),
(7, 'Délégué Régional', 'Tous les gilets étaient de.', 7),
(8, 'Practicien', 'Il avait médité sa phrase.', 8),
(9, 'Visiteur Médical', 'Mais où en trouverai-je? dit.', 9),
(10, 'Chef de Secteur', 'Ils entendirent dans le.', 10),
(11, 'Practicien', 'Tu ne seras jamais bon qu\'à.', 11),
(12, 'Chef de Secteur', 'Vous étiez en bas, tous les.', 12),
(13, 'Délégué Régional', 'Alors il y comptait, car il.', 13),
(14, 'Practicien', 'Et l\'on aurait dû résulter.', 14),
(15, 'Chef de Secteur', 'C\'est relativement à cette.', 15),
(16, 'Délégué Régional', 'Mais c\'était lui, le.', 16),
(17, 'Délégué Régional', 'Léon... Oh! comme c\'était.', 17),
(18, 'Délégué Régional', 'J\'ai cru qu\'un.', 18),
(19, 'Practicien', 'Edgar, étincelant de furie.', 19),
(20, 'Chef de Secteur', 'Oh! rien du tout.', 20),
(21, 'Practicien', 'Sans qu\'il s\'en trouverait.', 21),
(22, 'Practicien', 'Mais, en écrivant, elle.', 22),
(23, 'Délégué Régional', 'Était-ce sérieusement.', 23),
(24, 'Visiteur Médical', 'Et, comme se parlant à.', 24),
(25, 'Chef de Secteur', 'Un enfant en haillons le.', 25),
(26, 'Practicien', 'Ce matin, le cotillon.', 26),
(27, 'Visiteur Médical', 'Charles, en avant, avec des.', 27),
(28, 'Visiteur Médical', 'Lheureux n\'en continua pas.', 28),
(29, 'Délégué Régional', 'Amenez-moi la petite, qui.', 29),
(30, 'Practicien', 'Elle ne confessa point sa.', 30),
(31, 'Délégué Régional', 'Tout, en elle-même tant de.', 31),
(32, 'Chef de Secteur', 'Soit, pour te défendre.', 32),
(33, 'Délégué Régional', 'Yonville. Le drapeau.', 33),
(34, 'Practicien', 'Mais ils entendirent les.', 34),
(35, 'Délégué Régional', 'Madame le surplus de.', 35),
(36, 'Délégué Régional', 'Où donc avait-elle appris.', 36),
(37, 'Chef de Secteur', 'Quand il arrivait à la mère.', 37),
(38, 'Délégué Régional', 'Bovary en compagnie de sa.', 38),
(39, 'Visiteur Médical', 'La prairie s\'allonge sous un.', 39),
(40, 'Practicien', 'Gaillard-bois; rue.', 40),
(41, 'Délégué Régional', 'Comme elle fut longtemps.', 41),
(42, 'Délégué Régional', 'Ah! le pauvre diable, dont.', 42),
(43, 'Practicien', 'Oui, c\'est cela. «Votre.', 43),
(44, 'Visiteur Médical', 'La servante parut; Emma.', 44),
(45, 'Délégué Régional', 'Au-dessus de la journée. On.', 45),
(46, 'Visiteur Médical', 'Il n\'y avait pas moyen de.', 46),
(47, 'Chef de Secteur', 'Elle fut, à neuf heures du.', 47),
(48, 'Délégué Régional', 'Franchement, ajouta-t-il.', 48),
(49, 'Visiteur Médical', 'Barbe d\'or ou au Grand.', 49),
(50, 'Délégué Régional', 'Le vent soufflait par les.', 50),
(51, 'Practicien', 'Beauvoisine, et une femme.', 51),
(52, 'Délégué Régional', 'Emma vivait sans inquiétude.', 52),
(53, 'Visiteur Médical', 'Dès lors, elle but du.', 53),
(54, 'Practicien', 'Lefrançois, tous les.', 54),
(55, 'Chef de Secteur', 'Il n\'a pas de tortue! nous.', 55),
(56, 'Practicien', 'Le pharmacien se plaisait en.', 56),
(57, 'Practicien', 'Ah! vous trouvez? fit.', 57),
(58, 'Practicien', 'Félicité courait çà et là.', 58),
(59, 'Chef de Secteur', 'M. Caron, d\'Argueil, une.', 59),
(60, 'Practicien', 'Place en apercevant Léon.', 60),
(61, 'Chef de Secteur', 'Cependant les gardes.', 61),
(62, 'Délégué Régional', 'Ils se couchaient sur.', 62),
(63, 'Visiteur Médical', 'Dieu; elle s\'appuyait la.', 63),
(64, 'Visiteur Médical', 'Monsieur n\'est donc pas.', 64),
(65, 'Chef de Secteur', 'Virginie, décidément.', 65),
(66, 'Practicien', 'Mais, naturellement.', 66),
(67, 'Chef de Secteur', 'Il n\'a pas de saillies, rien.', 67),
(68, 'Chef de Secteur', 'Elle fut saisie d\'une.', 68),
(69, 'Visiteur Médical', 'Mais plus Emma s\'apercevait.', 69),
(70, 'Délégué Régional', 'Elle monta les marches de.', 70),
(71, 'Practicien', 'Pour remplacer Nastasie (qui.', 71),
(72, 'Délégué Régional', 'On la vit seule, le soir.', 72),
(73, 'Visiteur Médical', 'Elle marchait les yeux.', 73),
(74, 'Délégué Régional', 'C\'était là le sort des.', 74),
(75, 'Chef de Secteur', 'Elle sauta toute la nuit.', 75),
(76, 'Visiteur Médical', 'Lefrançois le considéra.', 76),
(77, 'Visiteur Médical', 'M. Boulard, libraire de.', 77),
(78, 'Visiteur Médical', 'Emma disparaissait dessous.', 78),
(79, 'Practicien', 'Il en vint de le vendre en.', 79),
(80, 'Visiteur Médical', 'Il s\'était tant de.', 80),
(81, 'Chef de Secteur', 'Il la voyait déjà revenant.', 81),
(82, 'Chef de Secteur', 'Cet argent. -- Mais... Puis.', 82),
(83, 'Practicien', 'Mais, par un instinct. Elle.', 83),
(84, 'Visiteur Médical', 'Elle ne répondait pas. Il se.', 84),
(85, 'Délégué Régional', 'Puis, les trois semaines.', 85),
(86, 'Chef de Secteur', 'Elle l\'avait envoyée aux.', 86),
(87, 'Délégué Régional', 'VII Elle songeait qu\'elle.', 87),
(88, 'Délégué Régional', 'Rouen, et elle se.', 88),
(89, 'Practicien', 'Il eut un rire éclatant des.', 89),
(90, 'Délégué Régional', 'Laisse-moi seule. Elle avait.', 90),
(91, 'Visiteur Médical', 'Ils l\'avaient, par.', 91),
(92, 'Chef de Secteur', 'Ils étaient, ceux- là.', 92),
(93, 'Visiteur Médical', 'Seigneur les mêmes termes.', 93),
(94, 'Chef de Secteur', 'Ainsi, Napoléon représentait.', 94),
(95, 'Visiteur Médical', 'Marie_, par M. Vinçart, de.', 95),
(96, 'Visiteur Médical', 'Charles lui semblait bien.', 96),
(97, 'Délégué Régional', 'Oh! non, n\'est-ce pas, c\'est.', 97),
(98, 'Visiteur Médical', 'Oui, en effet..., un peu.', 98),
(99, 'Délégué Régional', 'Madame Bovary, le dos deux.', 99),
(100, 'Visiteur Médical', 'Comme ils aimaient cette.', 100),
(101, 'Visiteur Médical', 'Léon, il allait se mettre à.', 101),
(102, 'Practicien', 'Le clerc eut aussi son.', 102),
(103, 'Délégué Régional', 'Si je t\'aime! Puis.', 103),
(104, 'Visiteur Médical', 'J\'ai besoin de nos routes.', 104),
(105, 'Visiteur Médical', 'Mais, au moins, est libre.', 105),
(106, 'Délégué Régional', 'La salle commençait à.', 106),
(107, 'Chef de Secteur', 'Madame, en attendant, à.', 107),
(108, 'Délégué Régional', 'Une tuméfaction livide.', 108),
(109, 'Practicien', 'Ils se considéraient tous.', 109),
(110, 'Visiteur Médical', 'M. Lheureux, le marchand.', 110),
(111, 'Practicien', 'On m\'avait fait venir.', 111),
(112, 'Délégué Régional', 'Pensiez-vous, ma petite.', 112),
(113, 'Chef de Secteur', 'Tout en lui plaçant dans la.', 113),
(114, 'Chef de Secteur', 'Espérons que, tout comme.', 114),
(115, 'Practicien', 'Rouault lui fit la première.', 115),
(116, 'Visiteur Médical', 'Il avait enfreint la loi du.', 116),
(117, 'Practicien', 'Et la pauvre fille, émue.', 117),
(118, 'Chef de Secteur', 'L\'odeur des roux pénétrait à.', 118),
(119, 'Délégué Régional', 'Ainsi s\'établit entre eux.', 119),
(120, 'Délégué Régional', 'Voilà votre paletot, mon bon.', 120),
(121, 'Visiteur Médical', 'Alors, afin de rallumer la.', 121),
(122, 'Practicien', 'Il réfléchit, puis ajouta.', 122),
(123, 'Chef de Secteur', 'Homais, les mêmes allées.', 123),
(124, 'Délégué Régional', 'Les bonheurs futurs, comme.', 124),
(125, 'Chef de Secteur', 'Ce qui la suivait. Elle alla.', 125),
(126, 'Chef de Secteur', 'Homais lui apportait des.', 126),
(127, 'Chef de Secteur', 'Elle se rappela ce vicomte.', 127),
(128, 'Visiteur Médical', 'Au milieu de l\'herbe sépare.', 128),
(129, 'Practicien', 'Saint-Romain, ou bien.', 129),
(130, 'Chef de Secteur', 'Elle avait envie de se.', 130),
(131, 'Visiteur Médical', 'Le drap de toile verdâtre.', 131),
(132, 'Visiteur Médical', 'Mademoiselle Rouault ne.', 132),
(133, 'Practicien', 'Léon. J\'ai voulu interrompre.', 133),
(134, 'Practicien', 'Il n\'osait lui faire un.', 134),
(135, 'Délégué Régional', 'Emma plus limpide et plus.', 135),
(136, 'Visiteur Médical', 'Quant à la vue d\'Emma, il.', 136),
(137, 'Chef de Secteur', 'Charles se baissait pour.', 137),
(138, 'Practicien', 'La mairie se trouvant à une.', 138),
(139, 'Visiteur Médical', 'La belle-mère répondit.', 139),
(140, 'Délégué Régional', 'Ils étaient à la campagne de.', 140),
(141, 'Chef de Secteur', 'Quoique sans doute.', 141),
(142, 'Chef de Secteur', 'Mon Dieu, à moi, vivant ici.', 142),
(143, 'Chef de Secteur', 'Bondissant dans l\'escalier.', 143),
(144, 'Délégué Régional', 'Oh! parfait! disait-il.', 144),
(145, 'Délégué Régional', 'Sans doute quelque bagatelle.', 145),
(146, 'Practicien', 'Normandie, mort le.', 146),
(147, 'Practicien', 'La maison de Dieppe se.', 147),
(148, 'Délégué Régional', 'M. Léon! -- Léon?.', 148),
(149, 'Chef de Secteur', 'Les avirons carrés sonnaient.', 149),
(150, 'Chef de Secteur', 'Il voulut emmener Canivet.', 150),
(151, 'Délégué Régional', 'Mais les leçons étaient si.', 151),
(152, 'Practicien', 'Homais qui regardait sa vie.', 152),
(153, 'Délégué Régional', 'Un jour pourtant, M.', 153),
(154, 'Chef de Secteur', 'Alors Charles insista: -- Tu.', 154),
(155, 'Visiteur Médical', 'Le 3 août, deux cents francs.', 155),
(156, 'Visiteur Médical', 'Es-tu bien sûr, devaient.', 156),
(157, 'Chef de Secteur', 'Rodolphe avait un autre.', 157),
(158, 'Chef de Secteur', 'Ensuite, il parlait argot.', 158),
(159, 'Chef de Secteur', 'Par peur d\'être vue, elle ne.', 159),
(160, 'Délégué Régional', 'Soupçonnait-il quelque.', 160),
(161, 'Chef de Secteur', 'Il portait toujours de.', 161),
(162, 'Délégué Régional', 'Et peu à peu, s\'éteignit par.', 162),
(163, 'Chef de Secteur', 'Vous savez, les femmes, et.', 163),
(164, 'Visiteur Médical', 'Elle aspira le vent humide.', 164),
(165, 'Visiteur Médical', 'Ensuite vous avez peur, par.', 165),
(166, 'Visiteur Médical', 'Puis, dans un coin, sans.', 166),
(167, 'Chef de Secteur', 'Mais tout septembre s\'écoula.', 167),
(168, 'Practicien', 'Il l\'engageait à prendre une.', 168),
(169, 'Chef de Secteur', 'Cent fois même il rappelait.', 169),
(170, 'Chef de Secteur', 'Mais j\'ai besoin de tuer les.', 170),
(171, 'Visiteur Médical', 'Et puis, quelle raison.', 171),
(172, 'Practicien', 'Paris. Quand Charles vint.', 172),
(173, 'Délégué Régional', 'Jamais la vie par les.', 173),
(174, 'Practicien', 'Maître Rouault.', 174),
(175, 'Visiteur Médical', 'Tantôt elle souffrait au.', 175),
(176, 'Chef de Secteur', 'Celui-là seul qui serait.', 176),
(177, 'Visiteur Médical', 'M. Bournisien venait la.', 177),
(178, 'Chef de Secteur', 'Son vêtement, ensuite.', 178),
(179, 'Délégué Régional', 'Quelque chat sur les.', 179),
(180, 'Practicien', 'Il fit un bond; avant.', 180),
(181, 'Visiteur Médical', 'Lorsqu\'elle avait bien.', 181),
(182, 'Practicien', 'Toutes les lettres que sa.', 182),
(183, 'Délégué Régional', 'Grumesnil ou les agrafes.', 183),
(184, 'Délégué Régional', 'Bible; il y avait pour lui.', 184),
(185, 'Chef de Secteur', 'M. Boulanger, tandis qu\'il.', 185),
(186, 'Visiteur Médical', 'Vous avez tort! il ne se.', 186),
(187, 'Chef de Secteur', 'Emma, et le prêtre répondit.', 187),
(188, 'Practicien', 'V La façade de briques était.', 188),
(189, 'Chef de Secteur', 'Il l\'entendit qui murmurait.', 189),
(190, 'Practicien', 'Un jour même, elle mettait.', 190),
(191, 'Visiteur Médical', 'Bovary tout en amphithéâtre.', 191),
(192, 'Chef de Secteur', 'Docteur en médecine, âgé de.', 192),
(193, 'Chef de Secteur', 'Alors Rodolphe demanda si.', 193),
(194, 'Practicien', 'Il mangeait des mûres le.', 194),
(195, 'Practicien', 'Il connaissait l\'existence.', 195),
(196, 'Délégué Régional', 'Bartole, que diable! il faut.', 196),
(197, 'Visiteur Médical', 'Yonville, pour se rattacher.', 197),
(198, 'Délégué Régional', 'II En arrivant à la.', 198),
(199, 'Visiteur Médical', 'Un bel organe, un.', 199),
(200, 'Visiteur Médical', 'Et Charles demeura tout.', 200);

-- --------------------------------------------------------

--
-- Table structure for table `retirement`
--

CREATE TABLE `retirement` (
  `id` int(11) UNSIGNED NOT NULL,
  `retirement_date` datetime DEFAULT NULL,
  `enterexit_id` int(11) UNSIGNED DEFAULT NULL
) ENGINE=InnoDB DEFAULT CHARSET=utf8mb4 COLLATE=utf8mb4_unicode_ci;

--
-- Dumping data for table `retirement`
--

INSERT INTO `retirement` (`id`, `retirement_date`, `enterexit_id`) VALUES
(1, '2003-08-08 06:50:31', 12),
(2, '2004-02-10 23:04:12', 12),
(3, '2014-11-27 20:06:15', 12),
(4, '2004-09-13 08:29:09', 17),
(5, '2018-04-09 18:18:56', 17),
(6, '2018-08-22 05:42:06', 17),
(7, '2013-04-07 18:58:51', 38),
(8, '2012-12-07 20:43:57', 38),
(9, '2015-09-07 08:13:23', 38),
(10, '1988-03-28 11:18:58', 45),
(11, '2009-10-22 15:22:33', 45),
(12, '2001-09-26 13:29:26', 45),
(13, '2017-08-26 09:20:56', 52),
(14, '2019-01-31 07:27:17', 52),
(15, '2018-02-08 22:59:54', 52),
(16, '2012-01-30 03:59:38', 54),
(17, '2014-11-27 00:51:26', 54),
(18, '2017-03-03 03:38:53', 54),
(19, '2009-05-04 07:40:55', 55),
(20, '1999-10-01 00:53:15', 55),
(21, '1995-04-19 23:41:07', 55),
(22, '2009-04-13 02:49:12', 61),
(23, '2017-01-05 08:30:08', 61),
(24, '1998-06-08 10:14:15', 61),
(25, '2018-09-15 20:10:32', 62),
(26, '2018-11-06 15:46:58', 62),
(27, '2017-10-03 19:31:38', 62),
(28, '2013-08-03 21:51:02', 87),
(29, '2011-12-18 16:49:17', 87),
(30, '1988-07-25 14:56:32', 87),
(31, '2018-04-02 16:40:22', 94),
(32, '2017-11-19 12:40:56', 94),
(33, '2017-01-13 16:59:30', 94),
(34, '2014-04-08 14:27:06', 108),
(35, '2001-12-01 09:53:10', 108),
(36, '2000-05-26 16:34:35', 108),
(37, '2013-01-12 05:09:19', 116),
(38, '2007-06-01 05:11:46', 116),
(39, '2011-07-07 19:17:40', 116),
(40, '2018-10-21 17:03:28', 138),
(41, '2018-03-05 22:28:13', 138),
(42, '2017-03-22 07:25:39', 138),
(43, '2010-11-24 10:32:37', 147),
(44, '2000-07-27 03:40:50', 147),
(45, '2010-09-24 07:33:51', 147),
(46, '2011-04-22 16:55:13', 156),
(47, '2012-08-08 11:32:10', 156),
(48, '1995-11-02 09:26:12', 156),
(49, '1985-04-28 23:44:36', 177),
(50, '1998-09-23 17:38:44', 177),
(51, '1986-01-28 10:48:22', 177),
(52, '1998-03-07 23:52:04', 188),
(53, '2002-04-04 16:36:11', 188),
(54, '1992-11-12 12:17:35', 188),
(55, '1985-02-18 12:35:47', 196),
(56, '1996-10-12 23:29:39', 196),
(57, '2003-11-07 03:55:18', 196);

-- --------------------------------------------------------

--
-- Table structure for table `salary`
--

CREATE TABLE `salary` (
  `id` int(11) UNSIGNED NOT NULL,
  `amount` decimal(10,2) DEFAULT NULL,
  `post_id` int(11) UNSIGNED DEFAULT NULL,
  `employee_id` int(11) UNSIGNED DEFAULT NULL
) ENGINE=InnoDB DEFAULT CHARSET=utf8mb4 COLLATE=utf8mb4_unicode_ci;

--
-- Dumping data for table `salary`
--

INSERT INTO `salary` (`id`, `amount`, `post_id`, `employee_id`) VALUES
(1, '2898.65', 1, 1),
(2, '3979.45', 2, 2),
(3, '3884.57', 3, 3),
(4, '1842.16', 4, 4),
(5, '2070.90', 5, 5),
(6, '2410.02', 6, 6),
(7, '2638.22', 7, 7),
(8, '2116.35', 8, 8),
(9, '3837.52', 9, 9),
(10, '3635.94', 10, 10),
(11, '1807.04', 11, 11),
(12, '2451.57', 12, 12),
(13, '2776.20', 13, 13),
(14, '1496.07', 14, 14),
(15, '1487.33', 15, 15),
(16, '3572.51', 16, 16),
(17, '3437.73', 17, 17),
(18, '2274.06', 18, 18),
(19, '2073.85', 19, 19),
(20, '3772.89', 20, 20),
(21, '1948.27', 21, 21),
(22, '2335.01', 22, 22),
(23, '3097.01', 23, 23),
(24, '1288.47', 24, 24),
(25, '3957.53', 25, 25),
(26, '3207.05', 26, 26),
(27, '1500.02', 27, 27),
(28, '2212.65', 28, 28),
(29, '2988.57', 29, 29),
(30, '3125.63', 30, 30),
(31, '3245.90', 31, 31),
(32, '3447.88', 32, 32),
(33, '4248.71', 33, 33),
(34, '2879.64', 34, 34),
(35, '3076.73', 35, 35),
(36, '2816.29', 36, 36),
(37, '1947.17', 37, 37),
(38, '3124.31', 38, 38),
(39, '3832.73', 39, 39),
(40, '4038.77', 40, 40),
(41, '1984.40', 41, 41),
(42, '1891.26', 42, 42),
(43, '4191.43', 43, 43),
(44, '2572.02', 44, 44),
(45, '1509.29', 45, 45),
(46, '1282.02', 46, 46),
(47, '3498.22', 47, 47),
(48, '3215.17', 48, 48),
(49, '3210.13', 49, 49),
(50, '2088.14', 50, 50),
(51, '1218.32', 51, 51),
(52, '1476.03', 52, 52),
(53, '3378.62', 53, 53),
(54, '2646.75', 54, 54),
(55, '1272.70', 55, 55),
(56, '1111.29', 56, 56),
(57, '4141.74', 57, 57),
(58, '2580.01', 58, 58),
(59, '1758.81', 59, 59),
(60, '3942.89', 60, 60),
(61, '2062.81', 61, 61),
(62, '4016.40', 62, 62),
(63, '2870.42', 63, 63),
(64, '4167.41', 64, 64),
(65, '1327.54', 65, 65),
(66, '2014.49', 66, 66),
(67, '1681.55', 67, 67),
(68, '2472.77', 68, 68),
(69, '3418.82', 69, 69),
(70, '2165.50', 70, 70),
(71, '3412.73', 71, 71),
(72, '4004.00', 72, 72),
(73, '3304.12', 73, 73),
(74, '2196.61', 74, 74),
(75, '1649.43', 75, 75),
(76, '4008.93', 76, 76),
(77, '2805.53', 77, 77),
(78, '2278.78', 78, 78),
(79, '1661.96', 79, 79),
(80, '2709.40', 80, 80),
(81, '1736.92', 81, 81),
(82, '2674.07', 82, 82),
(83, '3450.54', 83, 83),
(84, '3802.25', 84, 84),
(85, '3284.58', 85, 85),
(86, '2778.58', 86, 86),
(87, '3984.11', 87, 87),
(88, '1777.84', 88, 88),
(89, '3203.87', 89, 89),
(90, '3241.51', 90, 90),
(91, '2563.74', 91, 91),
(92, '4219.07', 92, 92),
(93, '1461.02', 93, 93),
(94, '1398.42', 94, 94),
(95, '1761.87', 95, 95),
(96, '3162.73', 96, 96),
(97, '2301.53', 97, 97),
(98, '2224.03', 98, 98),
(99, '3877.73', 99, 99),
(100, '3288.99', 100, 100),
(101, '4009.78', 101, 101),
(102, '3082.93', 102, 102),
(103, '1701.27', 103, 103),
(104, '2776.04', 104, 104),
(105, '2039.13', 105, 105),
(106, '4127.31', 106, 106),
(107, '3132.21', 107, 107),
(108, '2186.64', 108, 108),
(109, '3320.44', 109, 109),
(110, '1966.18', 110, 110),
(111, '1386.57', 111, 111),
(112, '2954.18', 112, 112),
(113, '2538.35', 113, 113),
(114, '1807.28', 114, 114),
(115, '3384.13', 115, 115),
(116, '2141.20', 116, 116),
(117, '1830.01', 117, 117),
(118, '2486.41', 118, 118),
(119, '2431.81', 119, 119),
(120, '2949.42', 120, 120),
(121, '4131.59', 121, 121),
(122, '2971.44', 122, 122),
(123, '2701.04', 123, 123),
(124, '2593.97', 124, 124),
(125, '1884.27', 125, 125),
(126, '2358.69', 126, 126),
(127, '3971.89', 127, 127),
(128, '3496.32', 128, 128),
(129, '4165.54', 129, 129),
(130, '4047.78', 130, 130),
(131, '1273.80', 131, 131),
(132, '2754.41', 132, 132),
(133, '1846.52', 133, 133),
(134, '2964.15', 134, 134),
(135, '3200.00', 135, 135),
(136, '1599.16', 136, 136),
(137, '3329.31', 137, 137),
(138, '3049.70', 138, 138),
(139, '1846.36', 139, 139),
(140, '3347.69', 140, 140),
(141, '3043.04', 141, 141),
(142, '2213.08', 142, 142),
(143, '1525.45', 143, 143),
(144, '1924.87', 144, 144),
(145, '2805.11', 145, 145),
(146, '2969.51', 146, 146),
(147, '1202.33', 147, 147),
(148, '3301.62', 148, 148),
(149, '2839.30', 149, 149),
(150, '3153.58', 150, 150),
(151, '2359.38', 151, 151),
(152, '3618.00', 152, 152),
(153, '3095.74', 153, 153),
(154, '1147.18', 154, 154),
(155, '1773.63', 155, 155),
(156, '1204.91', 156, 156),
(157, '2233.93', 157, 157),
(158, '2160.46', 158, 158),
(159, '3893.26', 159, 159),
(160, '3040.03', 160, 160),
(161, '3494.89', 161, 161),
(162, '2580.70', 162, 162),
(163, '1953.28', 163, 163),
(164, '1124.83', 164, 164),
(165, '2067.27', 165, 165),
(166, '2309.17', 166, 166),
(167, '1566.19', 167, 167),
(168, '2631.26', 168, 168),
(169, '3508.56', 169, 169),
(170, '3327.03', 170, 170),
(171, '3551.18', 171, 171),
(172, '2064.78', 172, 172),
(173, '2128.60', 173, 173),
(174, '1643.41', 174, 174),
(175, '1473.79', 175, 175),
(176, '3135.47', 176, 176),
(177, '3687.84', 177, 177),
(178, '1436.74', 178, 178),
(179, '3852.17', 179, 179),
(180, '2595.76', 180, 180),
(181, '3599.89', 181, 181),
(182, '3931.49', 182, 182),
(183, '4027.56', 183, 183),
(184, '1454.29', 184, 184),
(185, '4136.18', 185, 185),
(186, '3359.81', 186, 186),
(187, '2613.44', 187, 187),
(188, '3677.21', 188, 188),
(189, '3111.60', 189, 189),
(190, '3417.44', 190, 190),
(191, '2529.93', 191, 191),
(192, '2825.46', 192, 192),
(193, '2133.98', 193, 193),
(194, '2560.10', 194, 194),
(195, '2768.50', 195, 195),
(196, '3022.78', 196, 196),
(197, '2308.39', 197, 197),
(198, '3029.22', 198, 198),
(199, '2633.96', 199, 199),
(200, '1311.85', 200, 200);

-- --------------------------------------------------------

--
-- Table structure for table `termination`
--

CREATE TABLE `termination` (
  `id` int(11) UNSIGNED NOT NULL,
  `termination_date` datetime DEFAULT NULL,
  `enterexit_id` int(11) UNSIGNED DEFAULT NULL
) ENGINE=InnoDB DEFAULT CHARSET=utf8mb4 COLLATE=utf8mb4_unicode_ci;

--
-- Dumping data for table `termination`
--

INSERT INTO `termination` (`id`, `termination_date`, `enterexit_id`) VALUES
(1, '2013-12-30 02:24:04', 10),
(2, '1994-01-19 03:37:27', 24),
(3, '1996-05-12 03:33:38', 31),
(4, '1997-09-16 20:37:13', 39),
(5, '1985-12-29 23:11:47', 44),
(6, '1992-03-31 02:21:12', 73),
(7, '2012-11-27 19:02:40', 81),
(8, '2008-08-01 12:28:31', 101),
(9, '1997-10-11 00:11:24', 102),
(10, '1994-06-22 08:58:17', 103),
(11, '2006-03-23 10:31:51', 112),
(12, '1996-05-19 21:02:31', 124),
(13, '2016-05-31 14:44:38', 129),
(14, '2018-08-13 07:19:28', 169),
(15, '2018-09-11 03:14:34', 176),
(16, '2014-12-31 05:44:54', 193),
(17, '2012-11-03 18:14:17', 198),
(18, '1990-09-18 06:59:02', 199);

--
-- Indexes for dumped tables
--

--
-- Indexes for table `absence`
--
ALTER TABLE `absence`
  ADD PRIMARY KEY (`id`),
  ADD KEY `index_foreignkey_absence_employee` (`employee_id`);

--
-- Indexes for table `bounty`
--
ALTER TABLE `bounty`
  ADD PRIMARY KEY (`id`),
  ADD KEY `index_foreignkey_bounty_salary` (`salary_id`);

--
-- Indexes for table `career`
--
ALTER TABLE `career`
  ADD PRIMARY KEY (`id`),
  ADD KEY `index_foreignkey_career_employee` (`employee_id`);

--
-- Indexes for table `departure`
--
ALTER TABLE `departure`
  ADD PRIMARY KEY (`id`),
  ADD KEY `index_foreignkey_departure_enterexit` (`enterexit_id`);

--
-- Indexes for table `employee`
--
ALTER TABLE `employee`
  ADD PRIMARY KEY (`id`);

--
-- Indexes for table `enterexit`
--
ALTER TABLE `enterexit`
  ADD PRIMARY KEY (`id`),
  ADD KEY `index_foreignkey_enterexit_employee` (`employee_id`),
  ADD KEY `index_foreignkey_enterexit_post_id` (`post_id_id`);

--
-- Indexes for table `formation`
--
ALTER TABLE `formation`
  ADD PRIMARY KEY (`id`);

--
-- Indexes for table `participate`
--
ALTER TABLE `participate`
  ADD PRIMARY KEY (`id`),
  ADD KEY `index_foreignkey_participate_employee` (`employee_id`),
  ADD KEY `index_foreignkey_participate_formation` (`formation_id`);

--
-- Indexes for table `post`
--
ALTER TABLE `post`
  ADD PRIMARY KEY (`id`),
  ADD KEY `index_foreignkey_post_career` (`career_id`);

--
-- Indexes for table `retirement`
--
ALTER TABLE `retirement`
  ADD PRIMARY KEY (`id`),
  ADD KEY `index_foreignkey_retirement_enterexit` (`enterexit_id`);

--
-- Indexes for table `salary`
--
ALTER TABLE `salary`
  ADD PRIMARY KEY (`id`),
  ADD KEY `index_foreignkey_salary_post` (`post_id`),
  ADD KEY `index_foreignkey_salary_employee` (`employee_id`);

--
-- Indexes for table `termination`
--
ALTER TABLE `termination`
  ADD PRIMARY KEY (`id`),
  ADD KEY `index_foreignkey_termination_enterexit` (`enterexit_id`);

--
-- AUTO_INCREMENT for dumped tables
--

--
-- AUTO_INCREMENT for table `absence`
--
ALTER TABLE `absence`
  MODIFY `id` int(11) UNSIGNED NOT NULL AUTO_INCREMENT, AUTO_INCREMENT=37;

--
-- AUTO_INCREMENT for table `bounty`
--
ALTER TABLE `bounty`
  MODIFY `id` int(11) UNSIGNED NOT NULL AUTO_INCREMENT, AUTO_INCREMENT=94;

--
-- AUTO_INCREMENT for table `career`
--
ALTER TABLE `career`
  MODIFY `id` int(11) UNSIGNED NOT NULL AUTO_INCREMENT, AUTO_INCREMENT=201;

--
-- AUTO_INCREMENT for table `departure`
--
ALTER TABLE `departure`
  MODIFY `id` int(11) UNSIGNED NOT NULL AUTO_INCREMENT, AUTO_INCREMENT=96;

--
-- AUTO_INCREMENT for table `employee`
--
ALTER TABLE `employee`
  MODIFY `id` int(11) UNSIGNED NOT NULL AUTO_INCREMENT, AUTO_INCREMENT=201;

--
-- AUTO_INCREMENT for table `enterexit`
--
ALTER TABLE `enterexit`
  MODIFY `id` int(11) UNSIGNED NOT NULL AUTO_INCREMENT, AUTO_INCREMENT=201;

--
-- AUTO_INCREMENT for table `formation`
--
ALTER TABLE `formation`
  MODIFY `id` int(11) UNSIGNED NOT NULL AUTO_INCREMENT, AUTO_INCREMENT=195;

--
-- AUTO_INCREMENT for table `participate`
--
ALTER TABLE `participate`
  MODIFY `id` int(11) UNSIGNED NOT NULL AUTO_INCREMENT, AUTO_INCREMENT=35;

--
-- AUTO_INCREMENT for table `post`
--
ALTER TABLE `post`
  MODIFY `id` int(11) UNSIGNED NOT NULL AUTO_INCREMENT, AUTO_INCREMENT=201;

--
-- AUTO_INCREMENT for table `retirement`
--
ALTER TABLE `retirement`
  MODIFY `id` int(11) UNSIGNED NOT NULL AUTO_INCREMENT, AUTO_INCREMENT=58;

--
-- AUTO_INCREMENT for table `salary`
--
ALTER TABLE `salary`
  MODIFY `id` int(11) UNSIGNED NOT NULL AUTO_INCREMENT, AUTO_INCREMENT=201;

--
-- AUTO_INCREMENT for table `termination`
--
ALTER TABLE `termination`
  MODIFY `id` int(11) UNSIGNED NOT NULL AUTO_INCREMENT, AUTO_INCREMENT=19;

--
-- Constraints for dumped tables
--

--
-- Constraints for table `absence`
--
ALTER TABLE `absence`
  ADD CONSTRAINT `c_fk_absence_employee_id` FOREIGN KEY (`employee_id`) REFERENCES `employee` (`id`) ON DELETE SET NULL ON UPDATE SET NULL;

--
-- Constraints for table `bounty`
--
ALTER TABLE `bounty`
  ADD CONSTRAINT `c_fk_bounty_salary_id` FOREIGN KEY (`salary_id`) REFERENCES `salary` (`id`) ON DELETE SET NULL ON UPDATE SET NULL;

--
-- Constraints for table `career`
--
ALTER TABLE `career`
  ADD CONSTRAINT `c_fk_career_employee_id` FOREIGN KEY (`employee_id`) REFERENCES `employee` (`id`) ON DELETE SET NULL ON UPDATE SET NULL;

--
-- Constraints for table `departure`
--
ALTER TABLE `departure`
  ADD CONSTRAINT `c_fk_departure_enterexit_id` FOREIGN KEY (`enterexit_id`) REFERENCES `enterexit` (`id`) ON DELETE SET NULL ON UPDATE SET NULL;

--
-- Constraints for table `enterexit`
--
ALTER TABLE `enterexit`
  ADD CONSTRAINT `c_fk_enterexit_employee_id` FOREIGN KEY (`employee_id`) REFERENCES `employee` (`id`) ON DELETE SET NULL ON UPDATE SET NULL,
  ADD CONSTRAINT `c_fk_enterexit_post_id_id` FOREIGN KEY (`post_id_id`) REFERENCES `post` (`id`) ON DELETE SET NULL ON UPDATE SET NULL;

--
-- Constraints for table `participate`
--
ALTER TABLE `participate`
  ADD CONSTRAINT `c_fk_participate_employee_id` FOREIGN KEY (`employee_id`) REFERENCES `employee` (`id`) ON DELETE SET NULL ON UPDATE SET NULL,
  ADD CONSTRAINT `c_fk_participate_formation_id` FOREIGN KEY (`formation_id`) REFERENCES `formation` (`id`) ON DELETE SET NULL ON UPDATE SET NULL;

--
-- Constraints for table `post`
--
ALTER TABLE `post`
  ADD CONSTRAINT `c_fk_post_career_id` FOREIGN KEY (`career_id`) REFERENCES `career` (`id`) ON DELETE SET NULL ON UPDATE SET NULL;

--
-- Constraints for table `retirement`
--
ALTER TABLE `retirement`
  ADD CONSTRAINT `c_fk_retirement_enterexit_id` FOREIGN KEY (`enterexit_id`) REFERENCES `enterexit` (`id`) ON DELETE SET NULL ON UPDATE SET NULL;

--
-- Constraints for table `salary`
--
ALTER TABLE `salary`
  ADD CONSTRAINT `c_fk_salary_employee_id` FOREIGN KEY (`employee_id`) REFERENCES `employee` (`id`) ON DELETE SET NULL ON UPDATE SET NULL,
  ADD CONSTRAINT `c_fk_salary_post_id` FOREIGN KEY (`post_id`) REFERENCES `post` (`id`) ON DELETE SET NULL ON UPDATE SET NULL;

--
-- Constraints for table `termination`
--
ALTER TABLE `termination`
  ADD CONSTRAINT `c_fk_termination_enterexit_id` FOREIGN KEY (`enterexit_id`) REFERENCES `enterexit` (`id`) ON DELETE SET NULL ON UPDATE SET NULL;
COMMIT;

/*!40101 SET CHARACTER_SET_CLIENT=@OLD_CHARACTER_SET_CLIENT */;
/*!40101 SET CHARACTER_SET_RESULTS=@OLD_CHARACTER_SET_RESULTS */;
/*!40101 SET COLLATION_CONNECTION=@OLD_COLLATION_CONNECTION */;
